CanonicalHyperCubeSet_time,HyperCubeSetDD_time,CanonicalHyperCubeSet_outcome,HyperCubeSetDD_outcome,description
7.03000114299357e-05,6.560003384947777e-05,,,"<allow_list=[ConnectionAttributes(src_ports=[(30000, 32767)], negate_src_ports=False, dst_ports=[(30000, 32767)], negate_dst_ports=False, methods=None, negate_methods=False, paths=None, negate_paths=False, hosts=None, negate_hosts=False)]; deny_list=[]>"
3.9499951526522636e-05,2.8699985705316067e-05,,,"<allow_list=[ConnectionAttributes(src_ports=[9050], negate_src_ports=False, dst_ports=[9000], negate_dst_ports=False, methods=None, negate_methods=False, paths=None, negate_paths=False, hosts=None, negate_hosts=False)]; deny_list=[]>"
3.660004585981369e-05,2.5500019546598196e-05,,,"<allow_list=[ConnectionAttributes(src_ports=[5555], negate_src_ports=False, dst_ports=[5555], negate_dst_ports=False, methods=None, negate_methods=False, paths=None, negate_paths=False, hosts=None, negate_hosts=False)]; deny_list=[]>"
2.4499953724443913e-05,1.6700010746717453e-05,,,"<allow_list=[ConnectionAttributes(src_ports=[3456], negate_src_ports=False, dst_ports=None, negate_dst_ports=False, methods=None, negate_methods=False, paths=None, negate_paths=False, hosts=None, negate_hosts=False)]; deny_list=[]>"
2.47000134550035e-05,1.729995710775256e-05,,,"<allow_list=[ConnectionAttributes(src_ports=None, negate_src_ports=False, dst_ports=[6543], negate_dst_ports=False, methods=None, negate_methods=False, paths=None, negate_paths=False, hosts=None, negate_hosts=False)]; deny_list=[]>"
4.469999112188816e-05,3.539997851476073e-05,,,"<allow_list=[ConnectionAttributes(src_ports=[(0, 1024)], negate_src_ports=True, dst_ports=[(0, 1024)], negate_dst_ports=True, methods=None, negate_methods=False, paths=None, negate_paths=False, hosts=None, negate_hosts=False)]; deny_list=[]>"
0.014360799978021532,3.739999374374747e-05,,,"<allow_list=[ConnectionAttributes(src_ports=None, negate_src_ports=False, dst_ports=None, negate_dst_ports=False, methods=['GET'], negate_methods=False, paths=['/info*'], negate_paths=False, hosts=None, negate_hosts=False)]; deny_list=[]>"
0.0014955999795347452,2.9699993319809437e-05,,,"<allow_list=[ConnectionAttributes(src_ports=None, negate_src_ports=False, dst_ports=None, negate_dst_ports=False, methods=['POST'], negate_methods=False, paths=['/data'], negate_paths=False, hosts=None, negate_hosts=False)]; deny_list=[]>"
0.13263519998872653,0.0001446999958716333,,,"<allow_list=[ConnectionAttributes(src_ports=None, negate_src_ports=False, dst_ports=None, negate_dst_ports=False, methods=['GET', 'HEAD'], negate_methods=False, paths=['/admin*'], negate_paths=True, hosts=['*.example.com'], negate_hosts=False)]; deny_list=[]>"
0.0001145999995060265,7.050001295283437e-05,,,"<allow_list=[ConnectionAttributes(src_ports=[(30000, 32767)], negate_src_ports=False, dst_ports=[(30000, 32767)], negate_dst_ports=False, methods=None, negate_methods=False, paths=None, negate_paths=False, hosts=None, negate_hosts=False), ConnectionAttributes(src_ports=[9050], negate_src_ports=False, dst_ports=[9000], negate_dst_ports=False, methods=None, negate_methods=False, paths=None, negate_paths=False, hosts=None, negate_hosts=False)]; deny_list=[]>"
0.00015169999096542597,0.00010339997243136168,,,"<allow_list=[ConnectionAttributes(src_ports=[(30000, 32767)], negate_src_ports=False, dst_ports=[(30000, 32767)], negate_dst_ports=False, methods=None, negate_methods=False, paths=None, negate_paths=False, hosts=None, negate_hosts=False), ConnectionAttributes(src_ports=[9050], negate_src_ports=False, dst_ports=[9000], negate_dst_ports=False, methods=None, negate_methods=False, paths=None, negate_paths=False, hosts=None, negate_hosts=False), ConnectionAttributes(src_ports=[5555], negate_src_ports=False, dst_ports=[5555], negate_dst_ports=False, methods=None, negate_methods=False, paths=None, negate_paths=False, hosts=None, negate_hosts=False)]; deny_list=[]>"
0.00022490002447739244,0.0001341000315733254,,,"<allow_list=[ConnectionAttributes(src_ports=[(30000, 32767)], negate_src_ports=False, dst_ports=[(30000, 32767)], negate_dst_ports=False, methods=None, negate_methods=False, paths=None, negate_paths=False, hosts=None, negate_hosts=False), ConnectionAttributes(src_ports=[9050], negate_src_ports=False, dst_ports=[9000], negate_dst_ports=False, methods=None, negate_methods=False, paths=None, negate_paths=False, hosts=None, negate_hosts=False), ConnectionAttributes(src_ports=[5555], negate_src_ports=False, dst_ports=[5555], negate_dst_ports=False, methods=None, negate_methods=False, paths=None, negate_paths=False, hosts=None, negate_hosts=False), ConnectionAttributes(src_ports=[3456], negate_src_ports=False, dst_ports=None, negate_dst_ports=False, methods=None, negate_methods=False, paths=None, negate_paths=False, hosts=None, negate_hosts=False)]; deny_list=[]>"
0.0005374000174924731,0.00017739995382726192,,,"<allow_list=[ConnectionAttributes(src_ports=[9050], negate_src_ports=False, dst_ports=[9000], negate_dst_ports=False, methods=None, negate_methods=False, paths=None, negate_paths=False, hosts=None, negate_hosts=False), ConnectionAttributes(src_ports=[3456], negate_src_ports=False, dst_ports=None, negate_dst_ports=False, methods=None, negate_methods=False, paths=None, negate_paths=False, hosts=None, negate_hosts=False), ConnectionAttributes(src_ports=[(0, 1024)], negate_src_ports=True, dst_ports=[(0, 1024)], negate_dst_ports=True, methods=None, negate_methods=False, paths=None, negate_paths=False, hosts=None, negate_hosts=False), ConnectionAttributes(src_ports=None, negate_src_ports=False, dst_ports=None, negate_dst_ports=False, methods=['POST'], negate_methods=False, paths=['/data'], negate_paths=False, hosts=None, negate_hosts=False)]; deny_list=[]>"
0.0004045999958179891,0.00021249998826533556,,,"<allow_list=[ConnectionAttributes(src_ports=[(30000, 32767)], negate_src_ports=False, dst_ports=[(30000, 32767)], negate_dst_ports=False, methods=None, negate_methods=False, paths=None, negate_paths=False, hosts=None, negate_hosts=False), ConnectionAttributes(src_ports=[9050], negate_src_ports=False, dst_ports=[9000], negate_dst_ports=False, methods=None, negate_methods=False, paths=None, negate_paths=False, hosts=None, negate_hosts=False), ConnectionAttributes(src_ports=[5555], negate_src_ports=False, dst_ports=[5555], negate_dst_ports=False, methods=None, negate_methods=False, paths=None, negate_paths=False, hosts=None, negate_hosts=False), ConnectionAttributes(src_ports=[3456], negate_src_ports=False, dst_ports=None, negate_dst_ports=False, methods=None, negate_methods=False, paths=None, negate_paths=False, hosts=None, negate_hosts=False), ConnectionAttributes(src_ports=None, negate_src_ports=False, dst_ports=[6543], negate_dst_ports=False, methods=None, negate_methods=False, paths=None, negate_paths=False, hosts=None, negate_hosts=False)]; deny_list=[]>"
0.0024688999983482063,0.0004292000085115433,,,"<allow_list=[ConnectionAttributes(src_ports=[(30000, 32767)], negate_src_ports=False, dst_ports=[(30000, 32767)], negate_dst_ports=False, methods=None, negate_methods=False, paths=None, negate_paths=False, hosts=None, negate_hosts=False), ConnectionAttributes(src_ports=[5555], negate_src_ports=False, dst_ports=[5555], negate_dst_ports=False, methods=None, negate_methods=False, paths=None, negate_paths=False, hosts=None, negate_hosts=False), ConnectionAttributes(src_ports=None, negate_src_ports=False, dst_ports=[6543], negate_dst_ports=False, methods=None, negate_methods=False, paths=None, negate_paths=False, hosts=None, negate_hosts=False), ConnectionAttributes(src_ports=None, negate_src_ports=False, dst_ports=None, negate_dst_ports=False, methods=['GET'], negate_methods=False, paths=['/info*'], negate_paths=False, hosts=None, negate_hosts=False), ConnectionAttributes(src_ports=None, negate_src_ports=False, dst_ports=None, negate_dst_ports=False, methods=['GET', 'HEAD'], negate_methods=False, paths=['/admin*'], negate_paths=True, hosts=['*.example.com'], negate_hosts=False)]; deny_list=[]>"
0.000671899993903935,0.0004065000102855265,,,"<allow_list=[ConnectionAttributes(src_ports=[(30000, 32767)], negate_src_ports=False, dst_ports=[(30000, 32767)], negate_dst_ports=False, methods=None, negate_methods=False, paths=None, negate_paths=False, hosts=None, negate_hosts=False), ConnectionAttributes(src_ports=[9050], negate_src_ports=False, dst_ports=[9000], negate_dst_ports=False, methods=None, negate_methods=False, paths=None, negate_paths=False, hosts=None, negate_hosts=False), ConnectionAttributes(src_ports=[5555], negate_src_ports=False, dst_ports=[5555], negate_dst_ports=False, methods=None, negate_methods=False, paths=None, negate_paths=False, hosts=None, negate_hosts=False), ConnectionAttributes(src_ports=[3456], negate_src_ports=False, dst_ports=None, negate_dst_ports=False, methods=None, negate_methods=False, paths=None, negate_paths=False, hosts=None, negate_hosts=False), ConnectionAttributes(src_ports=None, negate_src_ports=False, dst_ports=[6543], negate_dst_ports=False, methods=None, negate_methods=False, paths=None, negate_paths=False, hosts=None, negate_hosts=False), ConnectionAttributes(src_ports=[(0, 1024)], negate_src_ports=True, dst_ports=[(0, 1024)], negate_dst_ports=True, methods=None, negate_methods=False, paths=None, negate_paths=False, hosts=None, negate_hosts=False)]; deny_list=[]>"
0.005745699978433549,0.0004661999992094934,,,"<allow_list=[ConnectionAttributes(src_ports=[(30000, 32767)], negate_src_ports=False, dst_ports=[(30000, 32767)], negate_dst_ports=False, methods=None, negate_methods=False, paths=None, negate_paths=False, hosts=None, negate_hosts=False), ConnectionAttributes(src_ports=[9050], negate_src_ports=False, dst_ports=[9000], negate_dst_ports=False, methods=None, negate_methods=False, paths=None, negate_paths=False, hosts=None, negate_hosts=False), ConnectionAttributes(src_ports=[5555], negate_src_ports=False, dst_ports=[5555], negate_dst_ports=False, methods=None, negate_methods=False, paths=None, negate_paths=False, hosts=None, negate_hosts=False), ConnectionAttributes(src_ports=[3456], negate_src_ports=False, dst_ports=None, negate_dst_ports=False, methods=None, negate_methods=False, paths=None, negate_paths=False, hosts=None, negate_hosts=False), ConnectionAttributes(src_ports=None, negate_src_ports=False, dst_ports=[6543], negate_dst_ports=False, methods=None, negate_methods=False, paths=None, negate_paths=False, hosts=None, negate_hosts=False), ConnectionAttributes(src_ports=[(0, 1024)], negate_src_ports=True, dst_ports=[(0, 1024)], negate_dst_ports=True, methods=None, negate_methods=False, paths=None, negate_paths=False, hosts=None, negate_hosts=False), ConnectionAttributes(src_ports=None, negate_src_ports=False, dst_ports=None, negate_dst_ports=False, methods=['GET'], negate_methods=False, paths=['/info*'], negate_paths=False, hosts=None, negate_hosts=False)]; deny_list=[]>"
0.008862700022291392,0.0005718000466004014,,,"<allow_list=[ConnectionAttributes(src_ports=[(30000, 32767)], negate_src_ports=False, dst_ports=[(30000, 32767)], negate_dst_ports=False, methods=None, negate_methods=False, paths=None, negate_paths=False, hosts=None, negate_hosts=False), ConnectionAttributes(src_ports=[9050], negate_src_ports=False, dst_ports=[9000], negate_dst_ports=False, methods=None, negate_methods=False, paths=None, negate_paths=False, hosts=None, negate_hosts=False), ConnectionAttributes(src_ports=[5555], negate_src_ports=False, dst_ports=[5555], negate_dst_ports=False, methods=None, negate_methods=False, paths=None, negate_paths=False, hosts=None, negate_hosts=False), ConnectionAttributes(src_ports=[3456], negate_src_ports=False, dst_ports=None, negate_dst_ports=False, methods=None, negate_methods=False, paths=None, negate_paths=False, hosts=None, negate_hosts=False), ConnectionAttributes(src_ports=None, negate_src_ports=False, dst_ports=[6543], negate_dst_ports=False, methods=None, negate_methods=False, paths=None, negate_paths=False, hosts=None, negate_hosts=False), ConnectionAttributes(src_ports=[(0, 1024)], negate_src_ports=True, dst_ports=[(0, 1024)], negate_dst_ports=True, methods=None, negate_methods=False, paths=None, negate_paths=False, hosts=None, negate_hosts=False), ConnectionAttributes(src_ports=None, negate_src_ports=False, dst_ports=None, negate_dst_ports=False, methods=['GET'], negate_methods=False, paths=['/info*'], negate_paths=False, hosts=None, negate_hosts=False), ConnectionAttributes(src_ports=None, negate_src_ports=False, dst_ports=None, negate_dst_ports=False, methods=['POST'], negate_methods=False, paths=['/data'], negate_paths=False, hosts=None, negate_hosts=False)]; deny_list=[]>"
0.1089468999998644,0.0017588000046089292,,,"<allow_list=[ConnectionAttributes(src_ports=[(30000, 32767)], negate_src_ports=False, dst_ports=[(30000, 32767)], negate_dst_ports=False, methods=None, negate_methods=False, paths=None, negate_paths=False, hosts=None, negate_hosts=False), ConnectionAttributes(src_ports=[9050], negate_src_ports=False, dst_ports=[9000], negate_dst_ports=False, methods=None, negate_methods=False, paths=None, negate_paths=False, hosts=None, negate_hosts=False), ConnectionAttributes(src_ports=[5555], negate_src_ports=False, dst_ports=[5555], negate_dst_ports=False, methods=None, negate_methods=False, paths=None, negate_paths=False, hosts=None, negate_hosts=False), ConnectionAttributes(src_ports=[3456], negate_src_ports=False, dst_ports=None, negate_dst_ports=False, methods=None, negate_methods=False, paths=None, negate_paths=False, hosts=None, negate_hosts=False), ConnectionAttributes(src_ports=None, negate_src_ports=False, dst_ports=[6543], negate_dst_ports=False, methods=None, negate_methods=False, paths=None, negate_paths=False, hosts=None, negate_hosts=False), ConnectionAttributes(src_ports=[(0, 1024)], negate_src_ports=True, dst_ports=[(0, 1024)], negate_dst_ports=True, methods=None, negate_methods=False, paths=None, negate_paths=False, hosts=None, negate_hosts=False), ConnectionAttributes(src_ports=None, negate_src_ports=False, dst_ports=None, negate_dst_ports=False, methods=['GET'], negate_methods=False, paths=['/info*'], negate_paths=False, hosts=None, negate_hosts=False), ConnectionAttributes(src_ports=None, negate_src_ports=False, dst_ports=None, negate_dst_ports=False, methods=['POST'], negate_methods=False, paths=['/data'], negate_paths=False, hosts=None, negate_hosts=False), ConnectionAttributes(src_ports=None, negate_src_ports=False, dst_ports=None, negate_dst_ports=False, methods=['GET', 'HEAD'], negate_methods=False, paths=['/admin*'], negate_paths=True, hosts=['*.example.com'], negate_hosts=False)]; deny_list=[]>"
0.0031487999949604273,0.0008287999662570655,,,"<allow_list=[ConnectionAttributes(src_ports=[(30000, 32767)], negate_src_ports=False, dst_ports=[(30000, 32767)], negate_dst_ports=False, methods=None, negate_methods=False, paths=None, negate_paths=False, hosts=None, negate_hosts=False), ConnectionAttributes(src_ports=[9050], negate_src_ports=False, dst_ports=[9000], negate_dst_ports=False, methods=None, negate_methods=False, paths=None, negate_paths=False, hosts=None, negate_hosts=False), ConnectionAttributes(src_ports=[5555], negate_src_ports=False, dst_ports=[5555], negate_dst_ports=False, methods=None, negate_methods=False, paths=None, negate_paths=False, hosts=None, negate_hosts=False), ConnectionAttributes(src_ports=[3456], negate_src_ports=False, dst_ports=None, negate_dst_ports=False, methods=None, negate_methods=False, paths=None, negate_paths=False, hosts=None, negate_hosts=False), ConnectionAttributes(src_ports=None, negate_src_ports=False, dst_ports=[6543], negate_dst_ports=False, methods=None, negate_methods=False, paths=None, negate_paths=False, hosts=None, negate_hosts=False), ConnectionAttributes(src_ports=[(0, 1024)], negate_src_ports=True, dst_ports=[(0, 1024)], negate_dst_ports=True, methods=None, negate_methods=False, paths=None, negate_paths=False, hosts=None, negate_hosts=False), ConnectionAttributes(src_ports=None, negate_src_ports=False, dst_ports=None, negate_dst_ports=False, methods=['GET'], negate_methods=False, paths=['/info*'], negate_paths=False, hosts=None, negate_hosts=False), ConnectionAttributes(src_ports=None, negate_src_ports=False, dst_ports=None, negate_dst_ports=False, methods=['POST'], negate_methods=False, paths=['/data'], negate_paths=False, hosts=None, negate_hosts=False)]; deny_list=[ConnectionAttributes(src_ports=None, negate_src_ports=False, dst_ports=None, negate_dst_ports=False, methods=['GET', 'HEAD'], negate_methods=False, paths=['/admin*'], negate_paths=True, hosts=['*.example.com'], negate_hosts=False)]>"
0.006052100041415542,0.0007668999605812132,,,"<allow_list=[ConnectionAttributes(src_ports=[9050], negate_src_ports=False, dst_ports=[9000], negate_dst_ports=False, methods=None, negate_methods=False, paths=None, negate_paths=False, hosts=None, negate_hosts=False), ConnectionAttributes(src_ports=[5555], negate_src_ports=False, dst_ports=[5555], negate_dst_ports=False, methods=None, negate_methods=False, paths=None, negate_paths=False, hosts=None, negate_hosts=False), ConnectionAttributes(src_ports=[3456], negate_src_ports=False, dst_ports=None, negate_dst_ports=False, methods=None, negate_methods=False, paths=None, negate_paths=False, hosts=None, negate_hosts=False), ConnectionAttributes(src_ports=None, negate_src_ports=False, dst_ports=[6543], negate_dst_ports=False, methods=None, negate_methods=False, paths=None, negate_paths=False, hosts=None, negate_hosts=False), ConnectionAttributes(src_ports=[(0, 1024)], negate_src_ports=True, dst_ports=[(0, 1024)], negate_dst_ports=True, methods=None, negate_methods=False, paths=None, negate_paths=False, hosts=None, negate_hosts=False), ConnectionAttributes(src_ports=None, negate_src_ports=False, dst_ports=None, negate_dst_ports=False, methods=['GET'], negate_methods=False, paths=['/info*'], negate_paths=False, hosts=None, negate_hosts=False), ConnectionAttributes(src_ports=None, negate_src_ports=False, dst_ports=None, negate_dst_ports=False, methods=['POST'], negate_methods=False, paths=['/data'], negate_paths=False, hosts=None, negate_hosts=False), ConnectionAttributes(src_ports=None, negate_src_ports=False, dst_ports=None, negate_dst_ports=False, methods=['GET', 'HEAD'], negate_methods=False, paths=['/admin*'], negate_paths=True, hosts=['*.example.com'], negate_hosts=False)]; deny_list=[ConnectionAttributes(src_ports=[(30000, 32767)], negate_src_ports=False, dst_ports=[(30000, 32767)], negate_dst_ports=False, methods=None, negate_methods=False, paths=None, negate_paths=False, hosts=None, negate_hosts=False)]>"
0.003177400038111955,0.0007633999921381474,,,"<allow_list=[ConnectionAttributes(src_ports=[(30000, 32767)], negate_src_ports=False, dst_ports=[(30000, 32767)], negate_dst_ports=False, methods=None, negate_methods=False, paths=None, negate_paths=False, hosts=None, negate_hosts=False), ConnectionAttributes(src_ports=[9050], negate_src_ports=False, dst_ports=[9000], negate_dst_ports=False, methods=None, negate_methods=False, paths=None, negate_paths=False, hosts=None, negate_hosts=False), ConnectionAttributes(src_ports=[5555], negate_src_ports=False, dst_ports=[5555], negate_dst_ports=False, methods=None, negate_methods=False, paths=None, negate_paths=False, hosts=None, negate_hosts=False), ConnectionAttributes(src_ports=[3456], negate_src_ports=False, dst_ports=None, negate_dst_ports=False, methods=None, negate_methods=False, paths=None, negate_paths=False, hosts=None, negate_hosts=False), ConnectionAttributes(src_ports=None, negate_src_ports=False, dst_ports=[6543], negate_dst_ports=False, methods=None, negate_methods=False, paths=None, negate_paths=False, hosts=None, negate_hosts=False), ConnectionAttributes(src_ports=[(0, 1024)], negate_src_ports=True, dst_ports=[(0, 1024)], negate_dst_ports=True, methods=None, negate_methods=False, paths=None, negate_paths=False, hosts=None, negate_hosts=False), ConnectionAttributes(src_ports=None, negate_src_ports=False, dst_ports=None, negate_dst_ports=False, methods=['GET'], negate_methods=False, paths=['/info*'], negate_paths=False, hosts=None, negate_hosts=False)]; deny_list=[ConnectionAttributes(src_ports=None, negate_src_ports=False, dst_ports=None, negate_dst_ports=False, methods=['POST'], negate_methods=False, paths=['/data'], negate_paths=False, hosts=None, negate_hosts=False), ConnectionAttributes(src_ports=None, negate_src_ports=False, dst_ports=None, negate_dst_ports=False, methods=['GET', 'HEAD'], negate_methods=False, paths=['/admin*'], negate_paths=True, hosts=['*.example.com'], negate_hosts=False)]>"
0.004263700044248253,0.0006966000073589385,,,"<allow_list=[ConnectionAttributes(src_ports=[5555], negate_src_ports=False, dst_ports=[5555], negate_dst_ports=False, methods=None, negate_methods=False, paths=None, negate_paths=False, hosts=None, negate_hosts=False), ConnectionAttributes(src_ports=[3456], negate_src_ports=False, dst_ports=None, negate_dst_ports=False, methods=None, negate_methods=False, paths=None, negate_paths=False, hosts=None, negate_hosts=False), ConnectionAttributes(src_ports=None, negate_src_ports=False, dst_ports=[6543], negate_dst_ports=False, methods=None, negate_methods=False, paths=None, negate_paths=False, hosts=None, negate_hosts=False), ConnectionAttributes(src_ports=[(0, 1024)], negate_src_ports=True, dst_ports=[(0, 1024)], negate_dst_ports=True, methods=None, negate_methods=False, paths=None, negate_paths=False, hosts=None, negate_hosts=False), ConnectionAttributes(src_ports=None, negate_src_ports=False, dst_ports=None, negate_dst_ports=False, methods=['GET'], negate_methods=False, paths=['/info*'], negate_paths=False, hosts=None, negate_hosts=False), ConnectionAttributes(src_ports=None, negate_src_ports=False, dst_ports=None, negate_dst_ports=False, methods=['POST'], negate_methods=False, paths=['/data'], negate_paths=False, hosts=None, negate_hosts=False), ConnectionAttributes(src_ports=None, negate_src_ports=False, dst_ports=None, negate_dst_ports=False, methods=['GET', 'HEAD'], negate_methods=False, paths=['/admin*'], negate_paths=True, hosts=['*.example.com'], negate_hosts=False)]; deny_list=[ConnectionAttributes(src_ports=[(30000, 32767)], negate_src_ports=False, dst_ports=[(30000, 32767)], negate_dst_ports=False, methods=None, negate_methods=False, paths=None, negate_paths=False, hosts=None, negate_hosts=False), ConnectionAttributes(src_ports=[9050], negate_src_ports=False, dst_ports=[9000], negate_dst_ports=False, methods=None, negate_methods=False, paths=None, negate_paths=False, hosts=None, negate_hosts=False)]>"
0.0030326999840326607,0.000756800000090152,,,"<allow_list=[ConnectionAttributes(src_ports=[(30000, 32767)], negate_src_ports=False, dst_ports=[(30000, 32767)], negate_dst_ports=False, methods=None, negate_methods=False, paths=None, negate_paths=False, hosts=None, negate_hosts=False), ConnectionAttributes(src_ports=[9050], negate_src_ports=False, dst_ports=[9000], negate_dst_ports=False, methods=None, negate_methods=False, paths=None, negate_paths=False, hosts=None, negate_hosts=False), ConnectionAttributes(src_ports=[5555], negate_src_ports=False, dst_ports=[5555], negate_dst_ports=False, methods=None, negate_methods=False, paths=None, negate_paths=False, hosts=None, negate_hosts=False), ConnectionAttributes(src_ports=[3456], negate_src_ports=False, dst_ports=None, negate_dst_ports=False, methods=None, negate_methods=False, paths=None, negate_paths=False, hosts=None, negate_hosts=False), ConnectionAttributes(src_ports=None, negate_src_ports=False, dst_ports=[6543], negate_dst_ports=False, methods=None, negate_methods=False, paths=None, negate_paths=False, hosts=None, negate_hosts=False), ConnectionAttributes(src_ports=[(0, 1024)], negate_src_ports=True, dst_ports=[(0, 1024)], negate_dst_ports=True, methods=None, negate_methods=False, paths=None, negate_paths=False, hosts=None, negate_hosts=False)]; deny_list=[ConnectionAttributes(src_ports=None, negate_src_ports=False, dst_ports=None, negate_dst_ports=False, methods=['GET'], negate_methods=False, paths=['/info*'], negate_paths=False, hosts=None, negate_hosts=False), ConnectionAttributes(src_ports=None, negate_src_ports=False, dst_ports=None, negate_dst_ports=False, methods=['POST'], negate_methods=False, paths=['/data'], negate_paths=False, hosts=None, negate_hosts=False), ConnectionAttributes(src_ports=None, negate_src_ports=False, dst_ports=None, negate_dst_ports=False, methods=['GET', 'HEAD'], negate_methods=False, paths=['/admin*'], negate_paths=True, hosts=['*.example.com'], negate_hosts=False)]>"
0.004994800023268908,0.0006562999915331602,,,"<allow_list=[ConnectionAttributes(src_ports=[3456], negate_src_ports=False, dst_ports=None, negate_dst_ports=False, methods=None, negate_methods=False, paths=None, negate_paths=False, hosts=None, negate_hosts=False), ConnectionAttributes(src_ports=None, negate_src_ports=False, dst_ports=[6543], negate_dst_ports=False, methods=None, negate_methods=False, paths=None, negate_paths=False, hosts=None, negate_hosts=False), ConnectionAttributes(src_ports=[(0, 1024)], negate_src_ports=True, dst_ports=[(0, 1024)], negate_dst_ports=True, methods=None, negate_methods=False, paths=None, negate_paths=False, hosts=None, negate_hosts=False), ConnectionAttributes(src_ports=None, negate_src_ports=False, dst_ports=None, negate_dst_ports=False, methods=['GET'], negate_methods=False, paths=['/info*'], negate_paths=False, hosts=None, negate_hosts=False), ConnectionAttributes(src_ports=None, negate_src_ports=False, dst_ports=None, negate_dst_ports=False, methods=['POST'], negate_methods=False, paths=['/data'], negate_paths=False, hosts=None, negate_hosts=False), ConnectionAttributes(src_ports=None, negate_src_ports=False, dst_ports=None, negate_dst_ports=False, methods=['GET', 'HEAD'], negate_methods=False, paths=['/admin*'], negate_paths=True, hosts=['*.example.com'], negate_hosts=False)]; deny_list=[ConnectionAttributes(src_ports=[(30000, 32767)], negate_src_ports=False, dst_ports=[(30000, 32767)], negate_dst_ports=False, methods=None, negate_methods=False, paths=None, negate_paths=False, hosts=None, negate_hosts=False), ConnectionAttributes(src_ports=[9050], negate_src_ports=False, dst_ports=[9000], negate_dst_ports=False, methods=None, negate_methods=False, paths=None, negate_paths=False, hosts=None, negate_hosts=False), ConnectionAttributes(src_ports=[5555], negate_src_ports=False, dst_ports=[5555], negate_dst_ports=False, methods=None, negate_methods=False, paths=None, negate_paths=False, hosts=None, negate_hosts=False)]>"
0.002459999988786876,0.0007189000025391579,,,"<allow_list=[ConnectionAttributes(src_ports=[(30000, 32767)], negate_src_ports=False, dst_ports=[(30000, 32767)], negate_dst_ports=False, methods=None, negate_methods=False, paths=None, negate_paths=False, hosts=None, negate_hosts=False), ConnectionAttributes(src_ports=[9050], negate_src_ports=False, dst_ports=[9000], negate_dst_ports=False, methods=None, negate_methods=False, paths=None, negate_paths=False, hosts=None, negate_hosts=False), ConnectionAttributes(src_ports=[5555], negate_src_ports=False, dst_ports=[5555], negate_dst_ports=False, methods=None, negate_methods=False, paths=None, negate_paths=False, hosts=None, negate_hosts=False), ConnectionAttributes(src_ports=[3456], negate_src_ports=False, dst_ports=None, negate_dst_ports=False, methods=None, negate_methods=False, paths=None, negate_paths=False, hosts=None, negate_hosts=False), ConnectionAttributes(src_ports=None, negate_src_ports=False, dst_ports=[6543], negate_dst_ports=False, methods=None, negate_methods=False, paths=None, negate_paths=False, hosts=None, negate_hosts=False)]; deny_list=[ConnectionAttributes(src_ports=[(0, 1024)], negate_src_ports=True, dst_ports=[(0, 1024)], negate_dst_ports=True, methods=None, negate_methods=False, paths=None, negate_paths=False, hosts=None, negate_hosts=False), ConnectionAttributes(src_ports=None, negate_src_ports=False, dst_ports=None, negate_dst_ports=False, methods=['GET'], negate_methods=False, paths=['/info*'], negate_paths=False, hosts=None, negate_hosts=False), ConnectionAttributes(src_ports=None, negate_src_ports=False, dst_ports=None, negate_dst_ports=False, methods=['POST'], negate_methods=False, paths=['/data'], negate_paths=False, hosts=None, negate_hosts=False), ConnectionAttributes(src_ports=None, negate_src_ports=False, dst_ports=None, negate_dst_ports=False, methods=['GET', 'HEAD'], negate_methods=False, paths=['/admin*'], negate_paths=True, hosts=['*.example.com'], negate_hosts=False)]>"
0.006114699994213879,0.0006181999924592674,,,"<allow_list=[ConnectionAttributes(src_ports=None, negate_src_ports=False, dst_ports=[6543], negate_dst_ports=False, methods=None, negate_methods=False, paths=None, negate_paths=False, hosts=None, negate_hosts=False), ConnectionAttributes(src_ports=[(0, 1024)], negate_src_ports=True, dst_ports=[(0, 1024)], negate_dst_ports=True, methods=None, negate_methods=False, paths=None, negate_paths=False, hosts=None, negate_hosts=False), ConnectionAttributes(src_ports=None, negate_src_ports=False, dst_ports=None, negate_dst_ports=False, methods=['GET'], negate_methods=False, paths=['/info*'], negate_paths=False, hosts=None, negate_hosts=False), ConnectionAttributes(src_ports=None, negate_src_ports=False, dst_ports=None, negate_dst_ports=False, methods=['POST'], negate_methods=False, paths=['/data'], negate_paths=False, hosts=None, negate_hosts=False), ConnectionAttributes(src_ports=None, negate_src_ports=False, dst_ports=None, negate_dst_ports=False, methods=['GET', 'HEAD'], negate_methods=False, paths=['/admin*'], negate_paths=True, hosts=['*.example.com'], negate_hosts=False)]; deny_list=[ConnectionAttributes(src_ports=[(30000, 32767)], negate_src_ports=False, dst_ports=[(30000, 32767)], negate_dst_ports=False, methods=None, negate_methods=False, paths=None, negate_paths=False, hosts=None, negate_hosts=False), ConnectionAttributes(src_ports=[9050], negate_src_ports=False, dst_ports=[9000], negate_dst_ports=False, methods=None, negate_methods=False, paths=None, negate_paths=False, hosts=None, negate_hosts=False), ConnectionAttributes(src_ports=[5555], negate_src_ports=False, dst_ports=[5555], negate_dst_ports=False, methods=None, negate_methods=False, paths=None, negate_paths=False, hosts=None, negate_hosts=False), ConnectionAttributes(src_ports=[3456], negate_src_ports=False, dst_ports=None, negate_dst_ports=False, methods=None, negate_methods=False, paths=None, negate_paths=False, hosts=None, negate_hosts=False)]>"
0.006845500029157847,0.0007780999876558781,,,"<allow_list=[ConnectionAttributes(src_ports=[(30000, 32767)], negate_src_ports=False, dst_ports=[(30000, 32767)], negate_dst_ports=False, methods=None, negate_methods=False, paths=None, negate_paths=False, hosts=None, negate_hosts=False), ConnectionAttributes(src_ports=[5555], negate_src_ports=False, dst_ports=[5555], negate_dst_ports=False, methods=None, negate_methods=False, paths=None, negate_paths=False, hosts=None, negate_hosts=False), ConnectionAttributes(src_ports=None, negate_src_ports=False, dst_ports=[6543], negate_dst_ports=False, methods=None, negate_methods=False, paths=None, negate_paths=False, hosts=None, negate_hosts=False), ConnectionAttributes(src_ports=None, negate_src_ports=False, dst_ports=None, negate_dst_ports=False, methods=['GET'], negate_methods=False, paths=['/info*'], negate_paths=False, hosts=None, negate_hosts=False), ConnectionAttributes(src_ports=None, negate_src_ports=False, dst_ports=None, negate_dst_ports=False, methods=['GET', 'HEAD'], negate_methods=False, paths=['/admin*'], negate_paths=True, hosts=['*.example.com'], negate_hosts=False)]; deny_list=[ConnectionAttributes(src_ports=[9050], negate_src_ports=False, dst_ports=[9000], negate_dst_ports=False, methods=None, negate_methods=False, paths=None, negate_paths=False, hosts=None, negate_hosts=False), ConnectionAttributes(src_ports=[3456], negate_src_ports=False, dst_ports=None, negate_dst_ports=False, methods=None, negate_methods=False, paths=None, negate_paths=False, hosts=None, negate_hosts=False), ConnectionAttributes(src_ports=[(0, 1024)], negate_src_ports=True, dst_ports=[(0, 1024)], negate_dst_ports=True, methods=None, negate_methods=False, paths=None, negate_paths=False, hosts=None, negate_hosts=False), ConnectionAttributes(src_ports=None, negate_src_ports=False, dst_ports=None, negate_dst_ports=False, methods=['POST'], negate_methods=False, paths=['/data'], negate_paths=False, hosts=None, negate_hosts=False)]>"
0.01819869998143986,0.003716900013387203,,,"<allow_list=[ConnectionAttributes(src_ports=[(30000, 32767)], negate_src_ports=False, dst_ports=[(30000, 32767)], negate_dst_ports=False, methods=None, negate_methods=False, paths=None, negate_paths=False, hosts=None, negate_hosts=False), ConnectionAttributes(src_ports=[9050], negate_src_ports=False, dst_ports=[9000], negate_dst_ports=False, methods=None, negate_methods=False, paths=None, negate_paths=False, hosts=None, negate_hosts=False), ConnectionAttributes(src_ports=[5555], negate_src_ports=False, dst_ports=[5555], negate_dst_ports=False, methods=None, negate_methods=False, paths=None, negate_paths=False, hosts=None, negate_hosts=False), ConnectionAttributes(src_ports=[3456], negate_src_ports=False, dst_ports=None, negate_dst_ports=False, methods=None, negate_methods=False, paths=None, negate_paths=False, hosts=None, negate_hosts=False)]; deny_list=[ConnectionAttributes(src_ports=None, negate_src_ports=False, dst_ports=[6543], negate_dst_ports=False, methods=None, negate_methods=False, paths=None, negate_paths=False, hosts=None, negate_hosts=False), ConnectionAttributes(src_ports=[(0, 1024)], negate_src_ports=True, dst_ports=[(0, 1024)], negate_dst_ports=True, methods=None, negate_methods=False, paths=None, negate_paths=False, hosts=None, negate_hosts=False), ConnectionAttributes(src_ports=None, negate_src_ports=False, dst_ports=None, negate_dst_ports=False, methods=['GET'], negate_methods=False, paths=['/info*'], negate_paths=False, hosts=None, negate_hosts=False), ConnectionAttributes(src_ports=None, negate_src_ports=False, dst_ports=None, negate_dst_ports=False, methods=['POST'], negate_methods=False, paths=['/data'], negate_paths=False, hosts=None, negate_hosts=False), ConnectionAttributes(src_ports=None, negate_src_ports=False, dst_ports=None, negate_dst_ports=False, methods=['GET', 'HEAD'], negate_methods=False, paths=['/admin*'], negate_paths=True, hosts=['*.example.com'], negate_hosts=False)]>"
0.006418200035113841,0.0006065999623388052,,,"<allow_list=[ConnectionAttributes(src_ports=[(0, 1024)], negate_src_ports=True, dst_ports=[(0, 1024)], negate_dst_ports=True, methods=None, negate_methods=False, paths=None, negate_paths=False, hosts=None, negate_hosts=False), ConnectionAttributes(src_ports=None, negate_src_ports=False, dst_ports=None, negate_dst_ports=False, methods=['GET'], negate_methods=False, paths=['/info*'], negate_paths=False, hosts=None, negate_hosts=False), ConnectionAttributes(src_ports=None, negate_src_ports=False, dst_ports=None, negate_dst_ports=False, methods=['POST'], negate_methods=False, paths=['/data'], negate_paths=False, hosts=None, negate_hosts=False), ConnectionAttributes(src_ports=None, negate_src_ports=False, dst_ports=None, negate_dst_ports=False, methods=['GET', 'HEAD'], negate_methods=False, paths=['/admin*'], negate_paths=True, hosts=['*.example.com'], negate_hosts=False)]; deny_list=[ConnectionAttributes(src_ports=[(30000, 32767)], negate_src_ports=False, dst_ports=[(30000, 32767)], negate_dst_ports=False, methods=None, negate_methods=False, paths=None, negate_paths=False, hosts=None, negate_hosts=False), ConnectionAttributes(src_ports=[9050], negate_src_ports=False, dst_ports=[9000], negate_dst_ports=False, methods=None, negate_methods=False, paths=None, negate_paths=False, hosts=None, negate_hosts=False), ConnectionAttributes(src_ports=[5555], negate_src_ports=False, dst_ports=[5555], negate_dst_ports=False, methods=None, negate_methods=False, paths=None, negate_paths=False, hosts=None, negate_hosts=False), ConnectionAttributes(src_ports=[3456], negate_src_ports=False, dst_ports=None, negate_dst_ports=False, methods=None, negate_methods=False, paths=None, negate_paths=False, hosts=None, negate_hosts=False), ConnectionAttributes(src_ports=None, negate_src_ports=False, dst_ports=[6543], negate_dst_ports=False, methods=None, negate_methods=False, paths=None, negate_paths=False, hosts=None, negate_hosts=False)]>"
0.004305799957364798,0.0007053999579511583,,,"<allow_list=[ConnectionAttributes(src_ports=[9050], negate_src_ports=False, dst_ports=[9000], negate_dst_ports=False, methods=None, negate_methods=False, paths=None, negate_paths=False, hosts=None, negate_hosts=False), ConnectionAttributes(src_ports=[3456], negate_src_ports=False, dst_ports=None, negate_dst_ports=False, methods=None, negate_methods=False, paths=None, negate_paths=False, hosts=None, negate_hosts=False), ConnectionAttributes(src_ports=[(0, 1024)], negate_src_ports=True, dst_ports=[(0, 1024)], negate_dst_ports=True, methods=None, negate_methods=False, paths=None, negate_paths=False, hosts=None, negate_hosts=False), ConnectionAttributes(src_ports=None, negate_src_ports=False, dst_ports=None, negate_dst_ports=False, methods=['POST'], negate_methods=False, paths=['/data'], negate_paths=False, hosts=None, negate_hosts=False)]; deny_list=[ConnectionAttributes(src_ports=[(30000, 32767)], negate_src_ports=False, dst_ports=[(30000, 32767)], negate_dst_ports=False, methods=None, negate_methods=False, paths=None, negate_paths=False, hosts=None, negate_hosts=False), ConnectionAttributes(src_ports=[5555], negate_src_ports=False, dst_ports=[5555], negate_dst_ports=False, methods=None, negate_methods=False, paths=None, negate_paths=False, hosts=None, negate_hosts=False), ConnectionAttributes(src_ports=None, negate_src_ports=False, dst_ports=[6543], negate_dst_ports=False, methods=None, negate_methods=False, paths=None, negate_paths=False, hosts=None, negate_hosts=False), ConnectionAttributes(src_ports=None, negate_src_ports=False, dst_ports=None, negate_dst_ports=False, methods=['GET'], negate_methods=False, paths=['/info*'], negate_paths=False, hosts=None, negate_hosts=False), ConnectionAttributes(src_ports=None, negate_src_ports=False, dst_ports=None, negate_dst_ports=False, methods=['GET', 'HEAD'], negate_methods=False, paths=['/admin*'], negate_paths=True, hosts=['*.example.com'], negate_hosts=False)]>"
0.0012753999908454716,0.0003953000414185226,,,"<allow_list=[ConnectionAttributes(src_ports=[(30000, 32767)], negate_src_ports=False, dst_ports=[(30000, 32767)], negate_dst_ports=False, methods=None, negate_methods=False, paths=None, negate_paths=False, hosts=None, negate_hosts=False), ConnectionAttributes(src_ports=[9050], negate_src_ports=False, dst_ports=[9000], negate_dst_ports=False, methods=None, negate_methods=False, paths=None, negate_paths=False, hosts=None, negate_hosts=False), ConnectionAttributes(src_ports=[5555], negate_src_ports=False, dst_ports=[5555], negate_dst_ports=False, methods=None, negate_methods=False, paths=None, negate_paths=False, hosts=None, negate_hosts=False)]; deny_list=[ConnectionAttributes(src_ports=[3456], negate_src_ports=False, dst_ports=None, negate_dst_ports=False, methods=None, negate_methods=False, paths=None, negate_paths=False, hosts=None, negate_hosts=False), ConnectionAttributes(src_ports=None, negate_src_ports=False, dst_ports=[6543], negate_dst_ports=False, methods=None, negate_methods=False, paths=None, negate_paths=False, hosts=None, negate_hosts=False), ConnectionAttributes(src_ports=[(0, 1024)], negate_src_ports=True, dst_ports=[(0, 1024)], negate_dst_ports=True, methods=None, negate_methods=False, paths=None, negate_paths=False, hosts=None, negate_hosts=False), ConnectionAttributes(src_ports=None, negate_src_ports=False, dst_ports=None, negate_dst_ports=False, methods=['GET'], negate_methods=False, paths=['/info*'], negate_paths=False, hosts=None, negate_hosts=False), ConnectionAttributes(src_ports=None, negate_src_ports=False, dst_ports=None, negate_dst_ports=False, methods=['POST'], negate_methods=False, paths=['/data'], negate_paths=False, hosts=None, negate_hosts=False), ConnectionAttributes(src_ports=None, negate_src_ports=False, dst_ports=None, negate_dst_ports=False, methods=['GET', 'HEAD'], negate_methods=False, paths=['/admin*'], negate_paths=True, hosts=['*.example.com'], negate_hosts=False)]>"
0.006850200006738305,0.0005684999632649124,,,"<allow_list=[ConnectionAttributes(src_ports=None, negate_src_ports=False, dst_ports=None, negate_dst_ports=False, methods=['GET'], negate_methods=False, paths=['/info*'], negate_paths=False, hosts=None, negate_hosts=False), ConnectionAttributes(src_ports=None, negate_src_ports=False, dst_ports=None, negate_dst_ports=False, methods=['POST'], negate_methods=False, paths=['/data'], negate_paths=False, hosts=None, negate_hosts=False), ConnectionAttributes(src_ports=None, negate_src_ports=False, dst_ports=None, negate_dst_ports=False, methods=['GET', 'HEAD'], negate_methods=False, paths=['/admin*'], negate_paths=True, hosts=['*.example.com'], negate_hosts=False)]; deny_list=[ConnectionAttributes(src_ports=[(30000, 32767)], negate_src_ports=False, dst_ports=[(30000, 32767)], negate_dst_ports=False, methods=None, negate_methods=False, paths=None, negate_paths=False, hosts=None, negate_hosts=False), ConnectionAttributes(src_ports=[9050], negate_src_ports=False, dst_ports=[9000], negate_dst_ports=False, methods=None, negate_methods=False, paths=None, negate_paths=False, hosts=None, negate_hosts=False), ConnectionAttributes(src_ports=[5555], negate_src_ports=False, dst_ports=[5555], negate_dst_ports=False, methods=None, negate_methods=False, paths=None, negate_paths=False, hosts=None, negate_hosts=False), ConnectionAttributes(src_ports=[3456], negate_src_ports=False, dst_ports=None, negate_dst_ports=False, methods=None, negate_methods=False, paths=None, negate_paths=False, hosts=None, negate_hosts=False), ConnectionAttributes(src_ports=None, negate_src_ports=False, dst_ports=[6543], negate_dst_ports=False, methods=None, negate_methods=False, paths=None, negate_paths=False, hosts=None, negate_hosts=False), ConnectionAttributes(src_ports=[(0, 1024)], negate_src_ports=True, dst_ports=[(0, 1024)], negate_dst_ports=True, methods=None, negate_methods=False, paths=None, negate_paths=False, hosts=None, negate_hosts=False)]>"
0.001291499997023493,0.00037399999564513564,,,"<allow_list=[ConnectionAttributes(src_ports=[(30000, 32767)], negate_src_ports=False, dst_ports=[(30000, 32767)], negate_dst_ports=False, methods=None, negate_methods=False, paths=None, negate_paths=False, hosts=None, negate_hosts=False), ConnectionAttributes(src_ports=[9050], negate_src_ports=False, dst_ports=[9000], negate_dst_ports=False, methods=None, negate_methods=False, paths=None, negate_paths=False, hosts=None, negate_hosts=False)]; deny_list=[ConnectionAttributes(src_ports=[5555], negate_src_ports=False, dst_ports=[5555], negate_dst_ports=False, methods=None, negate_methods=False, paths=None, negate_paths=False, hosts=None, negate_hosts=False), ConnectionAttributes(src_ports=[3456], negate_src_ports=False, dst_ports=None, negate_dst_ports=False, methods=None, negate_methods=False, paths=None, negate_paths=False, hosts=None, negate_hosts=False), ConnectionAttributes(src_ports=None, negate_src_ports=False, dst_ports=[6543], negate_dst_ports=False, methods=None, negate_methods=False, paths=None, negate_paths=False, hosts=None, negate_hosts=False), ConnectionAttributes(src_ports=[(0, 1024)], negate_src_ports=True, dst_ports=[(0, 1024)], negate_dst_ports=True, methods=None, negate_methods=False, paths=None, negate_paths=False, hosts=None, negate_hosts=False), ConnectionAttributes(src_ports=None, negate_src_ports=False, dst_ports=None, negate_dst_ports=False, methods=['GET'], negate_methods=False, paths=['/info*'], negate_paths=False, hosts=None, negate_hosts=False), ConnectionAttributes(src_ports=None, negate_src_ports=False, dst_ports=None, negate_dst_ports=False, methods=['POST'], negate_methods=False, paths=['/data'], negate_paths=False, hosts=None, negate_hosts=False), ConnectionAttributes(src_ports=None, negate_src_ports=False, dst_ports=None, negate_dst_ports=False, methods=['GET', 'HEAD'], negate_methods=False, paths=['/admin*'], negate_paths=True, hosts=['*.example.com'], negate_hosts=False)]>"
0.00724360003368929,0.0005948999896645546,,,"<allow_list=[ConnectionAttributes(src_ports=None, negate_src_ports=False, dst_ports=None, negate_dst_ports=False, methods=['POST'], negate_methods=False, paths=['/data'], negate_paths=False, hosts=None, negate_hosts=False), ConnectionAttributes(src_ports=None, negate_src_ports=False, dst_ports=None, negate_dst_ports=False, methods=['GET', 'HEAD'], negate_methods=False, paths=['/admin*'], negate_paths=True, hosts=['*.example.com'], negate_hosts=False)]; deny_list=[ConnectionAttributes(src_ports=[(30000, 32767)], negate_src_ports=False, dst_ports=[(30000, 32767)], negate_dst_ports=False, methods=None, negate_methods=False, paths=None, negate_paths=False, hosts=None, negate_hosts=False), ConnectionAttributes(src_ports=[9050], negate_src_ports=False, dst_ports=[9000], negate_dst_ports=False, methods=None, negate_methods=False, paths=None, negate_paths=False, hosts=None, negate_hosts=False), ConnectionAttributes(src_ports=[5555], negate_src_ports=False, dst_ports=[5555], negate_dst_ports=False, methods=None, negate_methods=False, paths=None, negate_paths=False, hosts=None, negate_hosts=False), ConnectionAttributes(src_ports=[3456], negate_src_ports=False, dst_ports=None, negate_dst_ports=False, methods=None, negate_methods=False, paths=None, negate_paths=False, hosts=None, negate_hosts=False), ConnectionAttributes(src_ports=None, negate_src_ports=False, dst_ports=[6543], negate_dst_ports=False, methods=None, negate_methods=False, paths=None, negate_paths=False, hosts=None, negate_hosts=False), ConnectionAttributes(src_ports=[(0, 1024)], negate_src_ports=True, dst_ports=[(0, 1024)], negate_dst_ports=True, methods=None, negate_methods=False, paths=None, negate_paths=False, hosts=None, negate_hosts=False), ConnectionAttributes(src_ports=None, negate_src_ports=False, dst_ports=None, negate_dst_ports=False, methods=['GET'], negate_methods=False, paths=['/info*'], negate_paths=False, hosts=None, negate_hosts=False)]>"
0.0014043999835848808,0.00035419996129348874,,,"<allow_list=[ConnectionAttributes(src_ports=[(30000, 32767)], negate_src_ports=False, dst_ports=[(30000, 32767)], negate_dst_ports=False, methods=None, negate_methods=False, paths=None, negate_paths=False, hosts=None, negate_hosts=False)]; deny_list=[ConnectionAttributes(src_ports=[9050], negate_src_ports=False, dst_ports=[9000], negate_dst_ports=False, methods=None, negate_methods=False, paths=None, negate_paths=False, hosts=None, negate_hosts=False), ConnectionAttributes(src_ports=[5555], negate_src_ports=False, dst_ports=[5555], negate_dst_ports=False, methods=None, negate_methods=False, paths=None, negate_paths=False, hosts=None, negate_hosts=False), ConnectionAttributes(src_ports=[3456], negate_src_ports=False, dst_ports=None, negate_dst_ports=False, methods=None, negate_methods=False, paths=None, negate_paths=False, hosts=None, negate_hosts=False), ConnectionAttributes(src_ports=None, negate_src_ports=False, dst_ports=[6543], negate_dst_ports=False, methods=None, negate_methods=False, paths=None, negate_paths=False, hosts=None, negate_hosts=False), ConnectionAttributes(src_ports=[(0, 1024)], negate_src_ports=True, dst_ports=[(0, 1024)], negate_dst_ports=True, methods=None, negate_methods=False, paths=None, negate_paths=False, hosts=None, negate_hosts=False), ConnectionAttributes(src_ports=None, negate_src_ports=False, dst_ports=None, negate_dst_ports=False, methods=['GET'], negate_methods=False, paths=['/info*'], negate_paths=False, hosts=None, negate_hosts=False), ConnectionAttributes(src_ports=None, negate_src_ports=False, dst_ports=None, negate_dst_ports=False, methods=['POST'], negate_methods=False, paths=['/data'], negate_paths=False, hosts=None, negate_hosts=False), ConnectionAttributes(src_ports=None, negate_src_ports=False, dst_ports=None, negate_dst_ports=False, methods=['GET', 'HEAD'], negate_methods=False, paths=['/admin*'], negate_paths=True, hosts=['*.example.com'], negate_hosts=False)]>"
0.004458300012629479,0.000596199999563396,,,"<allow_list=[ConnectionAttributes(src_ports=None, negate_src_ports=False, dst_ports=None, negate_dst_ports=False, methods=['GET', 'HEAD'], negate_methods=False, paths=['/admin*'], negate_paths=True, hosts=['*.example.com'], negate_hosts=False)]; deny_list=[ConnectionAttributes(src_ports=[(30000, 32767)], negate_src_ports=False, dst_ports=[(30000, 32767)], negate_dst_ports=False, methods=None, negate_methods=False, paths=None, negate_paths=False, hosts=None, negate_hosts=False), ConnectionAttributes(src_ports=[9050], negate_src_ports=False, dst_ports=[9000], negate_dst_ports=False, methods=None, negate_methods=False, paths=None, negate_paths=False, hosts=None, negate_hosts=False), ConnectionAttributes(src_ports=[5555], negate_src_ports=False, dst_ports=[5555], negate_dst_ports=False, methods=None, negate_methods=False, paths=None, negate_paths=False, hosts=None, negate_hosts=False), ConnectionAttributes(src_ports=[3456], negate_src_ports=False, dst_ports=None, negate_dst_ports=False, methods=None, negate_methods=False, paths=None, negate_paths=False, hosts=None, negate_hosts=False), ConnectionAttributes(src_ports=None, negate_src_ports=False, dst_ports=[6543], negate_dst_ports=False, methods=None, negate_methods=False, paths=None, negate_paths=False, hosts=None, negate_hosts=False), ConnectionAttributes(src_ports=[(0, 1024)], negate_src_ports=True, dst_ports=[(0, 1024)], negate_dst_ports=True, methods=None, negate_methods=False, paths=None, negate_paths=False, hosts=None, negate_hosts=False), ConnectionAttributes(src_ports=None, negate_src_ports=False, dst_ports=None, negate_dst_ports=False, methods=['GET'], negate_methods=False, paths=['/info*'], negate_paths=False, hosts=None, negate_hosts=False), ConnectionAttributes(src_ports=None, negate_src_ports=False, dst_ports=None, negate_dst_ports=False, methods=['POST'], negate_methods=False, paths=['/data'], negate_paths=False, hosts=None, negate_hosts=False)]>"
