HyperCubeSetDD time,Z3ProductSet time,HyperCubeSetDD outcome,Z3ProductSet outcome,description
6.0999998822808266e-05,0.018027400015853345,False,False,"<allow_list=[{'src_ports': None, 'negate_src_ports': False, 'dst_ports': None, 'negate_dst_ports': False, 'methods': ['GET'], 'negate_methods': False, 'paths': None, 'negate_paths': False, 'hosts': None, 'negate_hosts': False}]; deny_list=[]>"
6.289995508268476e-05,0.009344900026917458,False,False,"<allow_list=[{'src_ports': [(0, 1000), 1234, 4321], 'negate_src_ports': True, 'dst_ports': [(0, 1000), 1234, 4321], 'negate_dst_ports': True, 'methods': None, 'negate_methods': False, 'paths': None, 'negate_paths': False, 'hosts': None, 'negate_hosts': False}]; deny_list=[]>"
9.980000322684646e-05,0.008322399982716888,False,False,"<allow_list=[{'src_ports': [443], 'negate_src_ports': False, 'dst_ports': [443], 'negate_dst_ports': False, 'methods': ['GET'], 'negate_methods': False, 'paths': ['/server/request'], 'negate_paths': False, 'hosts': ['/us/*'], 'negate_hosts': False}]; deny_list=[]>"
0.00011680001625791192,0.05756340001244098,False,False,"<allow_list=[{'src_ports': [443, 444], 'negate_src_ports': False, 'dst_ports': [443, 444], 'negate_dst_ports': False, 'methods': ['GET', 'PUT', 'POST', 'DELETE'], 'negate_methods': False, 'paths': ['/server/request', '/server/update', '/server2/*'], 'negate_paths': False, 'hosts': ['/us/*', '/canada/*'], 'negate_hosts': False}]; deny_list=[]>"
0.00010869995458051562,0.054051400045864284,False,False,"<allow_list=[{'src_ports': [(1024, 2048), (4000, 6000)], 'negate_src_ports': False, 'dst_ports': [(1024, 4000), (400, 600), 5555], 'negate_dst_ports': False, 'methods': ['GET', 'PUT'], 'negate_methods': False, 'paths': ['/server2/*', '*/update'], 'negate_paths': True, 'hosts': ['/canada/*', '/us/*', '/my/funny/cat'], 'negate_hosts': False}]; deny_list=[]>"
0.00022250000620260835,0.04203760001109913,False,False,"<allow_list=[{'src_ports': [(1024, 2048), (4000, 6000), 6002, 6007], 'negate_src_ports': False, 'dst_ports': [(1024, 4000), (400, 600), 5555, 17, 42], 'negate_dst_ports': True, 'methods': ['GET', 'DELETE'], 'negate_methods': False, 'paths': ['/server2/update', '*/update', '*/request', '/server3/fun'], 'negate_paths': False, 'hosts': ['/canada/*', '/us/*', '/my/funny/cat'], 'negate_hosts': True}]; deny_list=[]>"
0.00016009999671950936,0.08346230001188815,False,False,"<allow_list=[{'src_ports': [(0, 13107), (26214, 39321), (52428, 65536)], 'negate_src_ports': False, 'dst_ports': [(0, 21845), (43690, 65536)], 'negate_dst_ports': False, 'methods': None, 'negate_methods': False, 'paths': ['/server2/*', '*/update', '*/request', '/server3/fun', '/server1/not/fun'], 'negate_paths': False, 'hosts': None, 'negate_hosts': False}]; deny_list=[]>"
0.00018590001855045557,0.035229100030846894,False,False,"<allow_list=[{'src_ports': [11, 111, 1, 22, 2, 222, (1024, 2048), (4000, 6000), 6002, 6007], 'negate_src_ports': False, 'dst_ports': [(1024, 4000), (400, 600), 5555, 17, 42, 11, 1], 'negate_dst_ports': False, 'methods': None, 'negate_methods': False, 'paths': ['/server2/*', '*/update', '/server3/fun'], 'negate_paths': False, 'hosts': ['/canada/*', '/my/funny/cat'], 'negate_hosts': False}]; deny_list=[]>"
0.00014269998064264655,0.11198489996604621,False,False,"<allow_list=[{'src_ports': [(1024, 1048), (2024, 2048), (4000, 5005), 6002, 6007], 'negate_src_ports': False, 'dst_ports': [1, 2, 3, 123, (1024, 4000), (400, 600), 5555, 17, 42], 'negate_dst_ports': False, 'methods': ['GET', 'DELETE', 'PUT'], 'negate_methods': False, 'paths': ['*/fun', '/server/*', '/server1/*'], 'negate_paths': True, 'hosts': ['/canada/*', '/us/newyork/*', '/france/paris/*'], 'negate_hosts': False}]; deny_list=[]>"
0.00021819997346028686,0.028099699993617833,False,False,"<allow_list=[{'src_ports': [(1024, 2048), (4000, 6000), 6002, 6007], 'negate_src_ports': False, 'dst_ports': [(1024, 4000), (400, 600), 5555, 17, 42], 'negate_dst_ports': True, 'methods': ['PUT', 'DELETE', 'CONNECT'], 'negate_methods': False, 'paths': ['*/update', '*/request', '/server3/*'], 'negate_paths': False, 'hosts': ['/my/funny/cat'], 'negate_hosts': False}]; deny_list=[]>"
0.00010559998918324709,0.008734599978197366,False,False,"<allow_list=[{'src_ports': None, 'negate_src_ports': False, 'dst_ports': None, 'negate_dst_ports': False, 'methods': ['GET'], 'negate_methods': False, 'paths': None, 'negate_paths': False, 'hosts': None, 'negate_hosts': False}, {'src_ports': [(0, 1000), 1234, 4321], 'negate_src_ports': True, 'dst_ports': [(0, 1000), 1234, 4321], 'negate_dst_ports': True, 'methods': None, 'negate_methods': False, 'paths': None, 'negate_paths': False, 'hosts': None, 'negate_hosts': False}]; deny_list=[]>"
0.00024590000975877047,0.010084700013976544,False,False,"<allow_list=[{'src_ports': None, 'negate_src_ports': False, 'dst_ports': None, 'negate_dst_ports': False, 'methods': ['GET'], 'negate_methods': False, 'paths': None, 'negate_paths': False, 'hosts': None, 'negate_hosts': False}, {'src_ports': [(0, 1000), 1234, 4321], 'negate_src_ports': True, 'dst_ports': [(0, 1000), 1234, 4321], 'negate_dst_ports': True, 'methods': None, 'negate_methods': False, 'paths': None, 'negate_paths': False, 'hosts': None, 'negate_hosts': False}, {'src_ports': [443], 'negate_src_ports': False, 'dst_ports': [443], 'negate_dst_ports': False, 'methods': ['GET'], 'negate_methods': False, 'paths': ['/server/request'], 'negate_paths': False, 'hosts': ['/us/*'], 'negate_hosts': False}]; deny_list=[]>"
0.0004040999920107424,0.03993209998589009,False,False,"<allow_list=[{'src_ports': None, 'negate_src_ports': False, 'dst_ports': None, 'negate_dst_ports': False, 'methods': ['GET'], 'negate_methods': False, 'paths': None, 'negate_paths': False, 'hosts': None, 'negate_hosts': False}, {'src_ports': [(0, 1000), 1234, 4321], 'negate_src_ports': True, 'dst_ports': [(0, 1000), 1234, 4321], 'negate_dst_ports': True, 'methods': None, 'negate_methods': False, 'paths': None, 'negate_paths': False, 'hosts': None, 'negate_hosts': False}, {'src_ports': [443], 'negate_src_ports': False, 'dst_ports': [443], 'negate_dst_ports': False, 'methods': ['GET'], 'negate_methods': False, 'paths': ['/server/request'], 'negate_paths': False, 'hosts': ['/us/*'], 'negate_hosts': False}, {'src_ports': [443, 444], 'negate_src_ports': False, 'dst_ports': [443, 444], 'negate_dst_ports': False, 'methods': ['GET', 'PUT', 'POST', 'DELETE'], 'negate_methods': False, 'paths': ['/server/request', '/server/update', '/server2/*'], 'negate_paths': False, 'hosts': ['/us/*', '/canada/*'], 'negate_hosts': False}]; deny_list=[]>"
0.0006454999675042927,0.03585919999750331,False,False,"<allow_list=[{'src_ports': None, 'negate_src_ports': False, 'dst_ports': None, 'negate_dst_ports': False, 'methods': ['GET'], 'negate_methods': False, 'paths': None, 'negate_paths': False, 'hosts': None, 'negate_hosts': False}, {'src_ports': [(0, 1000), 1234, 4321], 'negate_src_ports': True, 'dst_ports': [(0, 1000), 1234, 4321], 'negate_dst_ports': True, 'methods': None, 'negate_methods': False, 'paths': None, 'negate_paths': False, 'hosts': None, 'negate_hosts': False}, {'src_ports': [443], 'negate_src_ports': False, 'dst_ports': [443], 'negate_dst_ports': False, 'methods': ['GET'], 'negate_methods': False, 'paths': ['/server/request'], 'negate_paths': False, 'hosts': ['/us/*'], 'negate_hosts': False}, {'src_ports': [443, 444], 'negate_src_ports': False, 'dst_ports': [443, 444], 'negate_dst_ports': False, 'methods': ['GET', 'PUT', 'POST', 'DELETE'], 'negate_methods': False, 'paths': ['/server/request', '/server/update', '/server2/*'], 'negate_paths': False, 'hosts': ['/us/*', '/canada/*'], 'negate_hosts': False}, {'src_ports': [(1024, 2048), (4000, 6000)], 'negate_src_ports': False, 'dst_ports': [(1024, 4000), (400, 600), 5555], 'negate_dst_ports': False, 'methods': ['GET', 'PUT'], 'negate_methods': False, 'paths': ['/server2/*', '*/update'], 'negate_paths': True, 'hosts': ['/canada/*', '/us/*', '/my/funny/cat'], 'negate_hosts': False}]; deny_list=[]>"
0.0011747999815270305,0.07956079998984933,False,False,"<allow_list=[{'src_ports': None, 'negate_src_ports': False, 'dst_ports': None, 'negate_dst_ports': False, 'methods': ['GET'], 'negate_methods': False, 'paths': None, 'negate_paths': False, 'hosts': None, 'negate_hosts': False}, {'src_ports': [(0, 1000), 1234, 4321], 'negate_src_ports': True, 'dst_ports': [(0, 1000), 1234, 4321], 'negate_dst_ports': True, 'methods': None, 'negate_methods': False, 'paths': None, 'negate_paths': False, 'hosts': None, 'negate_hosts': False}, {'src_ports': [443], 'negate_src_ports': False, 'dst_ports': [443], 'negate_dst_ports': False, 'methods': ['GET'], 'negate_methods': False, 'paths': ['/server/request'], 'negate_paths': False, 'hosts': ['/us/*'], 'negate_hosts': False}, {'src_ports': [443, 444], 'negate_src_ports': False, 'dst_ports': [443, 444], 'negate_dst_ports': False, 'methods': ['GET', 'PUT', 'POST', 'DELETE'], 'negate_methods': False, 'paths': ['/server/request', '/server/update', '/server2/*'], 'negate_paths': False, 'hosts': ['/us/*', '/canada/*'], 'negate_hosts': False}, {'src_ports': [(1024, 2048), (4000, 6000)], 'negate_src_ports': False, 'dst_ports': [(1024, 4000), (400, 600), 5555], 'negate_dst_ports': False, 'methods': ['GET', 'PUT'], 'negate_methods': False, 'paths': ['/server2/*', '*/update'], 'negate_paths': True, 'hosts': ['/canada/*', '/us/*', '/my/funny/cat'], 'negate_hosts': False}, {'src_ports': [(1024, 2048), (4000, 6000), 6002, 6007], 'negate_src_ports': False, 'dst_ports': [(1024, 4000), (400, 600), 5555, 17, 42], 'negate_dst_ports': True, 'methods': ['GET', 'DELETE'], 'negate_methods': False, 'paths': ['/server2/update', '*/update', '*/request', '/server3/fun'], 'negate_paths': False, 'hosts': ['/canada/*', '/us/*', '/my/funny/cat'], 'negate_hosts': True}]; deny_list=[]>"
0.3660842999815941,0.14664500002982095,False,False,"<allow_list=[{'src_ports': None, 'negate_src_ports': False, 'dst_ports': None, 'negate_dst_ports': False, 'methods': ['GET'], 'negate_methods': False, 'paths': None, 'negate_paths': False, 'hosts': None, 'negate_hosts': False}, {'src_ports': [(0, 1000), 1234, 4321], 'negate_src_ports': True, 'dst_ports': [(0, 1000), 1234, 4321], 'negate_dst_ports': True, 'methods': None, 'negate_methods': False, 'paths': None, 'negate_paths': False, 'hosts': None, 'negate_hosts': False}, {'src_ports': [443], 'negate_src_ports': False, 'dst_ports': [443], 'negate_dst_ports': False, 'methods': ['GET'], 'negate_methods': False, 'paths': ['/server/request'], 'negate_paths': False, 'hosts': ['/us/*'], 'negate_hosts': False}, {'src_ports': [443, 444], 'negate_src_ports': False, 'dst_ports': [443, 444], 'negate_dst_ports': False, 'methods': ['GET', 'PUT', 'POST', 'DELETE'], 'negate_methods': False, 'paths': ['/server/request', '/server/update', '/server2/*'], 'negate_paths': False, 'hosts': ['/us/*', '/canada/*'], 'negate_hosts': False}, {'src_ports': [(1024, 2048), (4000, 6000)], 'negate_src_ports': False, 'dst_ports': [(1024, 4000), (400, 600), 5555], 'negate_dst_ports': False, 'methods': ['GET', 'PUT'], 'negate_methods': False, 'paths': ['/server2/*', '*/update'], 'negate_paths': True, 'hosts': ['/canada/*', '/us/*', '/my/funny/cat'], 'negate_hosts': False}, {'src_ports': [(1024, 2048), (4000, 6000), 6002, 6007], 'negate_src_ports': False, 'dst_ports': [(1024, 4000), (400, 600), 5555, 17, 42], 'negate_dst_ports': True, 'methods': ['GET', 'DELETE'], 'negate_methods': False, 'paths': ['/server2/update', '*/update', '*/request', '/server3/fun'], 'negate_paths': False, 'hosts': ['/canada/*', '/us/*', '/my/funny/cat'], 'negate_hosts': True}, {'src_ports': [(0, 13107), (26214, 39321), (52428, 65536)], 'negate_src_ports': False, 'dst_ports': [(0, 21845), (43690, 65536)], 'negate_dst_ports': False, 'methods': None, 'negate_methods': False, 'paths': ['/server2/*', '*/update', '*/request', '/server3/fun', '/server1/not/fun'], 'negate_paths': False, 'hosts': None, 'negate_hosts': False}]; deny_list=[]>"
0.3570105000399053,0.05881409998983145,False,False,"<allow_list=[{'src_ports': None, 'negate_src_ports': False, 'dst_ports': None, 'negate_dst_ports': False, 'methods': ['GET'], 'negate_methods': False, 'paths': None, 'negate_paths': False, 'hosts': None, 'negate_hosts': False}, {'src_ports': [(0, 1000), 1234, 4321], 'negate_src_ports': True, 'dst_ports': [(0, 1000), 1234, 4321], 'negate_dst_ports': True, 'methods': None, 'negate_methods': False, 'paths': None, 'negate_paths': False, 'hosts': None, 'negate_hosts': False}, {'src_ports': [443], 'negate_src_ports': False, 'dst_ports': [443], 'negate_dst_ports': False, 'methods': ['GET'], 'negate_methods': False, 'paths': ['/server/request'], 'negate_paths': False, 'hosts': ['/us/*'], 'negate_hosts': False}, {'src_ports': [443, 444], 'negate_src_ports': False, 'dst_ports': [443, 444], 'negate_dst_ports': False, 'methods': ['GET', 'PUT', 'POST', 'DELETE'], 'negate_methods': False, 'paths': ['/server/request', '/server/update', '/server2/*'], 'negate_paths': False, 'hosts': ['/us/*', '/canada/*'], 'negate_hosts': False}, {'src_ports': [(1024, 2048), (4000, 6000)], 'negate_src_ports': False, 'dst_ports': [(1024, 4000), (400, 600), 5555], 'negate_dst_ports': False, 'methods': ['GET', 'PUT'], 'negate_methods': False, 'paths': ['/server2/*', '*/update'], 'negate_paths': True, 'hosts': ['/canada/*', '/us/*', '/my/funny/cat'], 'negate_hosts': False}, {'src_ports': [(1024, 2048), (4000, 6000), 6002, 6007], 'negate_src_ports': False, 'dst_ports': [(1024, 4000), (400, 600), 5555, 17, 42], 'negate_dst_ports': True, 'methods': ['GET', 'DELETE'], 'negate_methods': False, 'paths': ['/server2/update', '*/update', '*/request', '/server3/fun'], 'negate_paths': False, 'hosts': ['/canada/*', '/us/*', '/my/funny/cat'], 'negate_hosts': True}, {'src_ports': [(0, 13107), (26214, 39321), (52428, 65536)], 'negate_src_ports': False, 'dst_ports': [(0, 21845), (43690, 65536)], 'negate_dst_ports': False, 'methods': None, 'negate_methods': False, 'paths': ['/server2/*', '*/update', '*/request', '/server3/fun', '/server1/not/fun'], 'negate_paths': False, 'hosts': None, 'negate_hosts': False}, {'src_ports': [11, 111, 1, 22, 2, 222, (1024, 2048), (4000, 6000), 6002, 6007], 'negate_src_ports': False, 'dst_ports': [(1024, 4000), (400, 600), 5555, 17, 42, 11, 1], 'negate_dst_ports': False, 'methods': None, 'negate_methods': False, 'paths': ['/server2/*', '*/update', '/server3/fun'], 'negate_paths': False, 'hosts': ['/canada/*', '/my/funny/cat'], 'negate_hosts': False}]; deny_list=[]>"
1.1912195999757387,0.3195025000022724,False,False,"<allow_list=[{'src_ports': None, 'negate_src_ports': False, 'dst_ports': None, 'negate_dst_ports': False, 'methods': ['GET'], 'negate_methods': False, 'paths': None, 'negate_paths': False, 'hosts': None, 'negate_hosts': False}, {'src_ports': [(0, 1000), 1234, 4321], 'negate_src_ports': True, 'dst_ports': [(0, 1000), 1234, 4321], 'negate_dst_ports': True, 'methods': None, 'negate_methods': False, 'paths': None, 'negate_paths': False, 'hosts': None, 'negate_hosts': False}, {'src_ports': [443], 'negate_src_ports': False, 'dst_ports': [443], 'negate_dst_ports': False, 'methods': ['GET'], 'negate_methods': False, 'paths': ['/server/request'], 'negate_paths': False, 'hosts': ['/us/*'], 'negate_hosts': False}, {'src_ports': [443, 444], 'negate_src_ports': False, 'dst_ports': [443, 444], 'negate_dst_ports': False, 'methods': ['GET', 'PUT', 'POST', 'DELETE'], 'negate_methods': False, 'paths': ['/server/request', '/server/update', '/server2/*'], 'negate_paths': False, 'hosts': ['/us/*', '/canada/*'], 'negate_hosts': False}, {'src_ports': [(1024, 2048), (4000, 6000)], 'negate_src_ports': False, 'dst_ports': [(1024, 4000), (400, 600), 5555], 'negate_dst_ports': False, 'methods': ['GET', 'PUT'], 'negate_methods': False, 'paths': ['/server2/*', '*/update'], 'negate_paths': True, 'hosts': ['/canada/*', '/us/*', '/my/funny/cat'], 'negate_hosts': False}, {'src_ports': [(1024, 2048), (4000, 6000), 6002, 6007], 'negate_src_ports': False, 'dst_ports': [(1024, 4000), (400, 600), 5555, 17, 42], 'negate_dst_ports': True, 'methods': ['GET', 'DELETE'], 'negate_methods': False, 'paths': ['/server2/update', '*/update', '*/request', '/server3/fun'], 'negate_paths': False, 'hosts': ['/canada/*', '/us/*', '/my/funny/cat'], 'negate_hosts': True}, {'src_ports': [(0, 13107), (26214, 39321), (52428, 65536)], 'negate_src_ports': False, 'dst_ports': [(0, 21845), (43690, 65536)], 'negate_dst_ports': False, 'methods': None, 'negate_methods': False, 'paths': ['/server2/*', '*/update', '*/request', '/server3/fun', '/server1/not/fun'], 'negate_paths': False, 'hosts': None, 'negate_hosts': False}, {'src_ports': [11, 111, 1, 22, 2, 222, (1024, 2048), (4000, 6000), 6002, 6007], 'negate_src_ports': False, 'dst_ports': [(1024, 4000), (400, 600), 5555, 17, 42, 11, 1], 'negate_dst_ports': False, 'methods': None, 'negate_methods': False, 'paths': ['/server2/*', '*/update', '/server3/fun'], 'negate_paths': False, 'hosts': ['/canada/*', '/my/funny/cat'], 'negate_hosts': False}, {'src_ports': [(1024, 1048), (2024, 2048), (4000, 5005), 6002, 6007], 'negate_src_ports': False, 'dst_ports': [1, 2, 3, 123, (1024, 4000), (400, 600), 5555, 17, 42], 'negate_dst_ports': False, 'methods': ['GET', 'DELETE', 'PUT'], 'negate_methods': False, 'paths': ['*/fun', '/server/*', '/server1/*'], 'negate_paths': True, 'hosts': ['/canada/*', '/us/newyork/*', '/france/paris/*'], 'negate_hosts': False}]; deny_list=[]>"
1.2646983999875374,0.44258129998343065,False,False,"<allow_list=[{'src_ports': None, 'negate_src_ports': False, 'dst_ports': None, 'negate_dst_ports': False, 'methods': ['GET'], 'negate_methods': False, 'paths': None, 'negate_paths': False, 'hosts': None, 'negate_hosts': False}, {'src_ports': [(0, 1000), 1234, 4321], 'negate_src_ports': True, 'dst_ports': [(0, 1000), 1234, 4321], 'negate_dst_ports': True, 'methods': None, 'negate_methods': False, 'paths': None, 'negate_paths': False, 'hosts': None, 'negate_hosts': False}, {'src_ports': [443], 'negate_src_ports': False, 'dst_ports': [443], 'negate_dst_ports': False, 'methods': ['GET'], 'negate_methods': False, 'paths': ['/server/request'], 'negate_paths': False, 'hosts': ['/us/*'], 'negate_hosts': False}, {'src_ports': [443, 444], 'negate_src_ports': False, 'dst_ports': [443, 444], 'negate_dst_ports': False, 'methods': ['GET', 'PUT', 'POST', 'DELETE'], 'negate_methods': False, 'paths': ['/server/request', '/server/update', '/server2/*'], 'negate_paths': False, 'hosts': ['/us/*', '/canada/*'], 'negate_hosts': False}, {'src_ports': [(1024, 2048), (4000, 6000)], 'negate_src_ports': False, 'dst_ports': [(1024, 4000), (400, 600), 5555], 'negate_dst_ports': False, 'methods': ['GET', 'PUT'], 'negate_methods': False, 'paths': ['/server2/*', '*/update'], 'negate_paths': True, 'hosts': ['/canada/*', '/us/*', '/my/funny/cat'], 'negate_hosts': False}, {'src_ports': [(1024, 2048), (4000, 6000), 6002, 6007], 'negate_src_ports': False, 'dst_ports': [(1024, 4000), (400, 600), 5555, 17, 42], 'negate_dst_ports': True, 'methods': ['GET', 'DELETE'], 'negate_methods': False, 'paths': ['/server2/update', '*/update', '*/request', '/server3/fun'], 'negate_paths': False, 'hosts': ['/canada/*', '/us/*', '/my/funny/cat'], 'negate_hosts': True}, {'src_ports': [(0, 13107), (26214, 39321), (52428, 65536)], 'negate_src_ports': False, 'dst_ports': [(0, 21845), (43690, 65536)], 'negate_dst_ports': False, 'methods': None, 'negate_methods': False, 'paths': ['/server2/*', '*/update', '*/request', '/server3/fun', '/server1/not/fun'], 'negate_paths': False, 'hosts': None, 'negate_hosts': False}, {'src_ports': [11, 111, 1, 22, 2, 222, (1024, 2048), (4000, 6000), 6002, 6007], 'negate_src_ports': False, 'dst_ports': [(1024, 4000), (400, 600), 5555, 17, 42, 11, 1], 'negate_dst_ports': False, 'methods': None, 'negate_methods': False, 'paths': ['/server2/*', '*/update', '/server3/fun'], 'negate_paths': False, 'hosts': ['/canada/*', '/my/funny/cat'], 'negate_hosts': False}, {'src_ports': [(1024, 1048), (2024, 2048), (4000, 5005), 6002, 6007], 'negate_src_ports': False, 'dst_ports': [1, 2, 3, 123, (1024, 4000), (400, 600), 5555, 17, 42], 'negate_dst_ports': False, 'methods': ['GET', 'DELETE', 'PUT'], 'negate_methods': False, 'paths': ['*/fun', '/server/*', '/server1/*'], 'negate_paths': True, 'hosts': ['/canada/*', '/us/newyork/*', '/france/paris/*'], 'negate_hosts': False}, {'src_ports': [(1024, 2048), (4000, 6000), 6002, 6007], 'negate_src_ports': False, 'dst_ports': [(1024, 4000), (400, 600), 5555, 17, 42], 'negate_dst_ports': True, 'methods': ['PUT', 'DELETE', 'CONNECT'], 'negate_methods': False, 'paths': ['*/update', '*/request', '/server3/*'], 'negate_paths': False, 'hosts': ['/my/funny/cat'], 'negate_hosts': False}]; deny_list=[]>"
1.450462399981916,0.4397850999957882,False,False,"<allow_list=[{'src_ports': None, 'negate_src_ports': False, 'dst_ports': None, 'negate_dst_ports': False, 'methods': ['GET'], 'negate_methods': False, 'paths': None, 'negate_paths': False, 'hosts': None, 'negate_hosts': False}]; deny_list=[{'src_ports': [(0, 1000), 1234, 4321], 'negate_src_ports': True, 'dst_ports': [(0, 1000), 1234, 4321], 'negate_dst_ports': True, 'methods': None, 'negate_methods': False, 'paths': None, 'negate_paths': False, 'hosts': None, 'negate_hosts': False}, {'src_ports': [443], 'negate_src_ports': False, 'dst_ports': [443], 'negate_dst_ports': False, 'methods': ['GET'], 'negate_methods': False, 'paths': ['/server/request'], 'negate_paths': False, 'hosts': ['/us/*'], 'negate_hosts': False}, {'src_ports': [443, 444], 'negate_src_ports': False, 'dst_ports': [443, 444], 'negate_dst_ports': False, 'methods': ['GET', 'PUT', 'POST', 'DELETE'], 'negate_methods': False, 'paths': ['/server/request', '/server/update', '/server2/*'], 'negate_paths': False, 'hosts': ['/us/*', '/canada/*'], 'negate_hosts': False}, {'src_ports': [(1024, 2048), (4000, 6000)], 'negate_src_ports': False, 'dst_ports': [(1024, 4000), (400, 600), 5555], 'negate_dst_ports': False, 'methods': ['GET', 'PUT'], 'negate_methods': False, 'paths': ['/server2/*', '*/update'], 'negate_paths': True, 'hosts': ['/canada/*', '/us/*', '/my/funny/cat'], 'negate_hosts': False}, {'src_ports': [(1024, 2048), (4000, 6000), 6002, 6007], 'negate_src_ports': False, 'dst_ports': [(1024, 4000), (400, 600), 5555, 17, 42], 'negate_dst_ports': True, 'methods': ['GET', 'DELETE'], 'negate_methods': False, 'paths': ['/server2/update', '*/update', '*/request', '/server3/fun'], 'negate_paths': False, 'hosts': ['/canada/*', '/us/*', '/my/funny/cat'], 'negate_hosts': True}, {'src_ports': [(0, 13107), (26214, 39321), (52428, 65536)], 'negate_src_ports': False, 'dst_ports': [(0, 21845), (43690, 65536)], 'negate_dst_ports': False, 'methods': None, 'negate_methods': False, 'paths': ['/server2/*', '*/update', '*/request', '/server3/fun', '/server1/not/fun'], 'negate_paths': False, 'hosts': None, 'negate_hosts': False}, {'src_ports': [11, 111, 1, 22, 2, 222, (1024, 2048), (4000, 6000), 6002, 6007], 'negate_src_ports': False, 'dst_ports': [(1024, 4000), (400, 600), 5555, 17, 42, 11, 1], 'negate_dst_ports': False, 'methods': None, 'negate_methods': False, 'paths': ['/server2/*', '*/update', '/server3/fun'], 'negate_paths': False, 'hosts': ['/canada/*', '/my/funny/cat'], 'negate_hosts': False}, {'src_ports': [(1024, 1048), (2024, 2048), (4000, 5005), 6002, 6007], 'negate_src_ports': False, 'dst_ports': [1, 2, 3, 123, (1024, 4000), (400, 600), 5555, 17, 42], 'negate_dst_ports': False, 'methods': ['GET', 'DELETE', 'PUT'], 'negate_methods': False, 'paths': ['*/fun', '/server/*', '/server1/*'], 'negate_paths': True, 'hosts': ['/canada/*', '/us/newyork/*', '/france/paris/*'], 'negate_hosts': False}, {'src_ports': [(1024, 2048), (4000, 6000), 6002, 6007], 'negate_src_ports': False, 'dst_ports': [(1024, 4000), (400, 600), 5555, 17, 42], 'negate_dst_ports': True, 'methods': ['PUT', 'DELETE', 'CONNECT'], 'negate_methods': False, 'paths': ['*/update', '*/request', '/server3/*'], 'negate_paths': False, 'hosts': ['/my/funny/cat'], 'negate_hosts': False}]>"
0.6456376000423916,0.6943736000102945,False,False,"<allow_list=[{'src_ports': None, 'negate_src_ports': False, 'dst_ports': None, 'negate_dst_ports': False, 'methods': ['GET'], 'negate_methods': False, 'paths': None, 'negate_paths': False, 'hosts': None, 'negate_hosts': False}, {'src_ports': [(0, 1000), 1234, 4321], 'negate_src_ports': True, 'dst_ports': [(0, 1000), 1234, 4321], 'negate_dst_ports': True, 'methods': None, 'negate_methods': False, 'paths': None, 'negate_paths': False, 'hosts': None, 'negate_hosts': False}]; deny_list=[{'src_ports': [443], 'negate_src_ports': False, 'dst_ports': [443], 'negate_dst_ports': False, 'methods': ['GET'], 'negate_methods': False, 'paths': ['/server/request'], 'negate_paths': False, 'hosts': ['/us/*'], 'negate_hosts': False}, {'src_ports': [443, 444], 'negate_src_ports': False, 'dst_ports': [443, 444], 'negate_dst_ports': False, 'methods': ['GET', 'PUT', 'POST', 'DELETE'], 'negate_methods': False, 'paths': ['/server/request', '/server/update', '/server2/*'], 'negate_paths': False, 'hosts': ['/us/*', '/canada/*'], 'negate_hosts': False}, {'src_ports': [(1024, 2048), (4000, 6000)], 'negate_src_ports': False, 'dst_ports': [(1024, 4000), (400, 600), 5555], 'negate_dst_ports': False, 'methods': ['GET', 'PUT'], 'negate_methods': False, 'paths': ['/server2/*', '*/update'], 'negate_paths': True, 'hosts': ['/canada/*', '/us/*', '/my/funny/cat'], 'negate_hosts': False}, {'src_ports': [(1024, 2048), (4000, 6000), 6002, 6007], 'negate_src_ports': False, 'dst_ports': [(1024, 4000), (400, 600), 5555, 17, 42], 'negate_dst_ports': True, 'methods': ['GET', 'DELETE'], 'negate_methods': False, 'paths': ['/server2/update', '*/update', '*/request', '/server3/fun'], 'negate_paths': False, 'hosts': ['/canada/*', '/us/*', '/my/funny/cat'], 'negate_hosts': True}, {'src_ports': [(0, 13107), (26214, 39321), (52428, 65536)], 'negate_src_ports': False, 'dst_ports': [(0, 21845), (43690, 65536)], 'negate_dst_ports': False, 'methods': None, 'negate_methods': False, 'paths': ['/server2/*', '*/update', '*/request', '/server3/fun', '/server1/not/fun'], 'negate_paths': False, 'hosts': None, 'negate_hosts': False}, {'src_ports': [11, 111, 1, 22, 2, 222, (1024, 2048), (4000, 6000), 6002, 6007], 'negate_src_ports': False, 'dst_ports': [(1024, 4000), (400, 600), 5555, 17, 42, 11, 1], 'negate_dst_ports': False, 'methods': None, 'negate_methods': False, 'paths': ['/server2/*', '*/update', '/server3/fun'], 'negate_paths': False, 'hosts': ['/canada/*', '/my/funny/cat'], 'negate_hosts': False}, {'src_ports': [(1024, 1048), (2024, 2048), (4000, 5005), 6002, 6007], 'negate_src_ports': False, 'dst_ports': [1, 2, 3, 123, (1024, 4000), (400, 600), 5555, 17, 42], 'negate_dst_ports': False, 'methods': ['GET', 'DELETE', 'PUT'], 'negate_methods': False, 'paths': ['*/fun', '/server/*', '/server1/*'], 'negate_paths': True, 'hosts': ['/canada/*', '/us/newyork/*', '/france/paris/*'], 'negate_hosts': False}, {'src_ports': [(1024, 2048), (4000, 6000), 6002, 6007], 'negate_src_ports': False, 'dst_ports': [(1024, 4000), (400, 600), 5555, 17, 42], 'negate_dst_ports': True, 'methods': ['PUT', 'DELETE', 'CONNECT'], 'negate_methods': False, 'paths': ['*/update', '*/request', '/server3/*'], 'negate_paths': False, 'hosts': ['/my/funny/cat'], 'negate_hosts': False}]>"
0.005030500004068017,0.6860656999633648,False,False,"<allow_list=[{'src_ports': None, 'negate_src_ports': False, 'dst_ports': None, 'negate_dst_ports': False, 'methods': ['GET'], 'negate_methods': False, 'paths': None, 'negate_paths': False, 'hosts': None, 'negate_hosts': False}, {'src_ports': [(0, 1000), 1234, 4321], 'negate_src_ports': True, 'dst_ports': [(0, 1000), 1234, 4321], 'negate_dst_ports': True, 'methods': None, 'negate_methods': False, 'paths': None, 'negate_paths': False, 'hosts': None, 'negate_hosts': False}, {'src_ports': [443], 'negate_src_ports': False, 'dst_ports': [443], 'negate_dst_ports': False, 'methods': ['GET'], 'negate_methods': False, 'paths': ['/server/request'], 'negate_paths': False, 'hosts': ['/us/*'], 'negate_hosts': False}]; deny_list=[{'src_ports': [443, 444], 'negate_src_ports': False, 'dst_ports': [443, 444], 'negate_dst_ports': False, 'methods': ['GET', 'PUT', 'POST', 'DELETE'], 'negate_methods': False, 'paths': ['/server/request', '/server/update', '/server2/*'], 'negate_paths': False, 'hosts': ['/us/*', '/canada/*'], 'negate_hosts': False}, {'src_ports': [(1024, 2048), (4000, 6000)], 'negate_src_ports': False, 'dst_ports': [(1024, 4000), (400, 600), 5555], 'negate_dst_ports': False, 'methods': ['GET', 'PUT'], 'negate_methods': False, 'paths': ['/server2/*', '*/update'], 'negate_paths': True, 'hosts': ['/canada/*', '/us/*', '/my/funny/cat'], 'negate_hosts': False}, {'src_ports': [(1024, 2048), (4000, 6000), 6002, 6007], 'negate_src_ports': False, 'dst_ports': [(1024, 4000), (400, 600), 5555, 17, 42], 'negate_dst_ports': True, 'methods': ['GET', 'DELETE'], 'negate_methods': False, 'paths': ['/server2/update', '*/update', '*/request', '/server3/fun'], 'negate_paths': False, 'hosts': ['/canada/*', '/us/*', '/my/funny/cat'], 'negate_hosts': True}, {'src_ports': [(0, 13107), (26214, 39321), (52428, 65536)], 'negate_src_ports': False, 'dst_ports': [(0, 21845), (43690, 65536)], 'negate_dst_ports': False, 'methods': None, 'negate_methods': False, 'paths': ['/server2/*', '*/update', '*/request', '/server3/fun', '/server1/not/fun'], 'negate_paths': False, 'hosts': None, 'negate_hosts': False}, {'src_ports': [11, 111, 1, 22, 2, 222, (1024, 2048), (4000, 6000), 6002, 6007], 'negate_src_ports': False, 'dst_ports': [(1024, 4000), (400, 600), 5555, 17, 42, 11, 1], 'negate_dst_ports': False, 'methods': None, 'negate_methods': False, 'paths': ['/server2/*', '*/update', '/server3/fun'], 'negate_paths': False, 'hosts': ['/canada/*', '/my/funny/cat'], 'negate_hosts': False}, {'src_ports': [(1024, 1048), (2024, 2048), (4000, 5005), 6002, 6007], 'negate_src_ports': False, 'dst_ports': [1, 2, 3, 123, (1024, 4000), (400, 600), 5555, 17, 42], 'negate_dst_ports': False, 'methods': ['GET', 'DELETE', 'PUT'], 'negate_methods': False, 'paths': ['*/fun', '/server/*', '/server1/*'], 'negate_paths': True, 'hosts': ['/canada/*', '/us/newyork/*', '/france/paris/*'], 'negate_hosts': False}, {'src_ports': [(1024, 2048), (4000, 6000), 6002, 6007], 'negate_src_ports': False, 'dst_ports': [(1024, 4000), (400, 600), 5555, 17, 42], 'negate_dst_ports': True, 'methods': ['PUT', 'DELETE', 'CONNECT'], 'negate_methods': False, 'paths': ['*/update', '*/request', '/server3/*'], 'negate_paths': False, 'hosts': ['/my/funny/cat'], 'negate_hosts': False}]>"
0.005052099993918091,0.3808248999994248,False,False,"<allow_list=[{'src_ports': None, 'negate_src_ports': False, 'dst_ports': None, 'negate_dst_ports': False, 'methods': ['GET'], 'negate_methods': False, 'paths': None, 'negate_paths': False, 'hosts': None, 'negate_hosts': False}, {'src_ports': [(0, 1000), 1234, 4321], 'negate_src_ports': True, 'dst_ports': [(0, 1000), 1234, 4321], 'negate_dst_ports': True, 'methods': None, 'negate_methods': False, 'paths': None, 'negate_paths': False, 'hosts': None, 'negate_hosts': False}, {'src_ports': [443], 'negate_src_ports': False, 'dst_ports': [443], 'negate_dst_ports': False, 'methods': ['GET'], 'negate_methods': False, 'paths': ['/server/request'], 'negate_paths': False, 'hosts': ['/us/*'], 'negate_hosts': False}, {'src_ports': [443, 444], 'negate_src_ports': False, 'dst_ports': [443, 444], 'negate_dst_ports': False, 'methods': ['GET', 'PUT', 'POST', 'DELETE'], 'negate_methods': False, 'paths': ['/server/request', '/server/update', '/server2/*'], 'negate_paths': False, 'hosts': ['/us/*', '/canada/*'], 'negate_hosts': False}]; deny_list=[{'src_ports': [(1024, 2048), (4000, 6000)], 'negate_src_ports': False, 'dst_ports': [(1024, 4000), (400, 600), 5555], 'negate_dst_ports': False, 'methods': ['GET', 'PUT'], 'negate_methods': False, 'paths': ['/server2/*', '*/update'], 'negate_paths': True, 'hosts': ['/canada/*', '/us/*', '/my/funny/cat'], 'negate_hosts': False}, {'src_ports': [(1024, 2048), (4000, 6000), 6002, 6007], 'negate_src_ports': False, 'dst_ports': [(1024, 4000), (400, 600), 5555, 17, 42], 'negate_dst_ports': True, 'methods': ['GET', 'DELETE'], 'negate_methods': False, 'paths': ['/server2/update', '*/update', '*/request', '/server3/fun'], 'negate_paths': False, 'hosts': ['/canada/*', '/us/*', '/my/funny/cat'], 'negate_hosts': True}, {'src_ports': [(0, 13107), (26214, 39321), (52428, 65536)], 'negate_src_ports': False, 'dst_ports': [(0, 21845), (43690, 65536)], 'negate_dst_ports': False, 'methods': None, 'negate_methods': False, 'paths': ['/server2/*', '*/update', '*/request', '/server3/fun', '/server1/not/fun'], 'negate_paths': False, 'hosts': None, 'negate_hosts': False}, {'src_ports': [11, 111, 1, 22, 2, 222, (1024, 2048), (4000, 6000), 6002, 6007], 'negate_src_ports': False, 'dst_ports': [(1024, 4000), (400, 600), 5555, 17, 42, 11, 1], 'negate_dst_ports': False, 'methods': None, 'negate_methods': False, 'paths': ['/server2/*', '*/update', '/server3/fun'], 'negate_paths': False, 'hosts': ['/canada/*', '/my/funny/cat'], 'negate_hosts': False}, {'src_ports': [(1024, 1048), (2024, 2048), (4000, 5005), 6002, 6007], 'negate_src_ports': False, 'dst_ports': [1, 2, 3, 123, (1024, 4000), (400, 600), 5555, 17, 42], 'negate_dst_ports': False, 'methods': ['GET', 'DELETE', 'PUT'], 'negate_methods': False, 'paths': ['*/fun', '/server/*', '/server1/*'], 'negate_paths': True, 'hosts': ['/canada/*', '/us/newyork/*', '/france/paris/*'], 'negate_hosts': False}, {'src_ports': [(1024, 2048), (4000, 6000), 6002, 6007], 'negate_src_ports': False, 'dst_ports': [(1024, 4000), (400, 600), 5555, 17, 42], 'negate_dst_ports': True, 'methods': ['PUT', 'DELETE', 'CONNECT'], 'negate_methods': False, 'paths': ['*/update', '*/request', '/server3/*'], 'negate_paths': False, 'hosts': ['/my/funny/cat'], 'negate_hosts': False}]>"
0.004520899965427816,0.6779560999711975,False,False,"<allow_list=[{'src_ports': None, 'negate_src_ports': False, 'dst_ports': None, 'negate_dst_ports': False, 'methods': ['GET'], 'negate_methods': False, 'paths': None, 'negate_paths': False, 'hosts': None, 'negate_hosts': False}, {'src_ports': [(0, 1000), 1234, 4321], 'negate_src_ports': True, 'dst_ports': [(0, 1000), 1234, 4321], 'negate_dst_ports': True, 'methods': None, 'negate_methods': False, 'paths': None, 'negate_paths': False, 'hosts': None, 'negate_hosts': False}, {'src_ports': [443], 'negate_src_ports': False, 'dst_ports': [443], 'negate_dst_ports': False, 'methods': ['GET'], 'negate_methods': False, 'paths': ['/server/request'], 'negate_paths': False, 'hosts': ['/us/*'], 'negate_hosts': False}, {'src_ports': [443, 444], 'negate_src_ports': False, 'dst_ports': [443, 444], 'negate_dst_ports': False, 'methods': ['GET', 'PUT', 'POST', 'DELETE'], 'negate_methods': False, 'paths': ['/server/request', '/server/update', '/server2/*'], 'negate_paths': False, 'hosts': ['/us/*', '/canada/*'], 'negate_hosts': False}, {'src_ports': [(1024, 2048), (4000, 6000)], 'negate_src_ports': False, 'dst_ports': [(1024, 4000), (400, 600), 5555], 'negate_dst_ports': False, 'methods': ['GET', 'PUT'], 'negate_methods': False, 'paths': ['/server2/*', '*/update'], 'negate_paths': True, 'hosts': ['/canada/*', '/us/*', '/my/funny/cat'], 'negate_hosts': False}]; deny_list=[{'src_ports': [(1024, 2048), (4000, 6000), 6002, 6007], 'negate_src_ports': False, 'dst_ports': [(1024, 4000), (400, 600), 5555, 17, 42], 'negate_dst_ports': True, 'methods': ['GET', 'DELETE'], 'negate_methods': False, 'paths': ['/server2/update', '*/update', '*/request', '/server3/fun'], 'negate_paths': False, 'hosts': ['/canada/*', '/us/*', '/my/funny/cat'], 'negate_hosts': True}, {'src_ports': [(0, 13107), (26214, 39321), (52428, 65536)], 'negate_src_ports': False, 'dst_ports': [(0, 21845), (43690, 65536)], 'negate_dst_ports': False, 'methods': None, 'negate_methods': False, 'paths': ['/server2/*', '*/update', '*/request', '/server3/fun', '/server1/not/fun'], 'negate_paths': False, 'hosts': None, 'negate_hosts': False}, {'src_ports': [11, 111, 1, 22, 2, 222, (1024, 2048), (4000, 6000), 6002, 6007], 'negate_src_ports': False, 'dst_ports': [(1024, 4000), (400, 600), 5555, 17, 42, 11, 1], 'negate_dst_ports': False, 'methods': None, 'negate_methods': False, 'paths': ['/server2/*', '*/update', '/server3/fun'], 'negate_paths': False, 'hosts': ['/canada/*', '/my/funny/cat'], 'negate_hosts': False}, {'src_ports': [(1024, 1048), (2024, 2048), (4000, 5005), 6002, 6007], 'negate_src_ports': False, 'dst_ports': [1, 2, 3, 123, (1024, 4000), (400, 600), 5555, 17, 42], 'negate_dst_ports': False, 'methods': ['GET', 'DELETE', 'PUT'], 'negate_methods': False, 'paths': ['*/fun', '/server/*', '/server1/*'], 'negate_paths': True, 'hosts': ['/canada/*', '/us/newyork/*', '/france/paris/*'], 'negate_hosts': False}, {'src_ports': [(1024, 2048), (4000, 6000), 6002, 6007], 'negate_src_ports': False, 'dst_ports': [(1024, 4000), (400, 600), 5555, 17, 42], 'negate_dst_ports': True, 'methods': ['PUT', 'DELETE', 'CONNECT'], 'negate_methods': False, 'paths': ['*/update', '*/request', '/server3/*'], 'negate_paths': False, 'hosts': ['/my/funny/cat'], 'negate_hosts': False}]>"
0.004392400034703314,0.49248869996517897,False,False,"<allow_list=[{'src_ports': None, 'negate_src_ports': False, 'dst_ports': None, 'negate_dst_ports': False, 'methods': ['GET'], 'negate_methods': False, 'paths': None, 'negate_paths': False, 'hosts': None, 'negate_hosts': False}, {'src_ports': [(0, 1000), 1234, 4321], 'negate_src_ports': True, 'dst_ports': [(0, 1000), 1234, 4321], 'negate_dst_ports': True, 'methods': None, 'negate_methods': False, 'paths': None, 'negate_paths': False, 'hosts': None, 'negate_hosts': False}, {'src_ports': [443], 'negate_src_ports': False, 'dst_ports': [443], 'negate_dst_ports': False, 'methods': ['GET'], 'negate_methods': False, 'paths': ['/server/request'], 'negate_paths': False, 'hosts': ['/us/*'], 'negate_hosts': False}, {'src_ports': [443, 444], 'negate_src_ports': False, 'dst_ports': [443, 444], 'negate_dst_ports': False, 'methods': ['GET', 'PUT', 'POST', 'DELETE'], 'negate_methods': False, 'paths': ['/server/request', '/server/update', '/server2/*'], 'negate_paths': False, 'hosts': ['/us/*', '/canada/*'], 'negate_hosts': False}, {'src_ports': [(1024, 2048), (4000, 6000)], 'negate_src_ports': False, 'dst_ports': [(1024, 4000), (400, 600), 5555], 'negate_dst_ports': False, 'methods': ['GET', 'PUT'], 'negate_methods': False, 'paths': ['/server2/*', '*/update'], 'negate_paths': True, 'hosts': ['/canada/*', '/us/*', '/my/funny/cat'], 'negate_hosts': False}, {'src_ports': [(1024, 2048), (4000, 6000), 6002, 6007], 'negate_src_ports': False, 'dst_ports': [(1024, 4000), (400, 600), 5555, 17, 42], 'negate_dst_ports': True, 'methods': ['GET', 'DELETE'], 'negate_methods': False, 'paths': ['/server2/update', '*/update', '*/request', '/server3/fun'], 'negate_paths': False, 'hosts': ['/canada/*', '/us/*', '/my/funny/cat'], 'negate_hosts': True}]; deny_list=[{'src_ports': [(0, 13107), (26214, 39321), (52428, 65536)], 'negate_src_ports': False, 'dst_ports': [(0, 21845), (43690, 65536)], 'negate_dst_ports': False, 'methods': None, 'negate_methods': False, 'paths': ['/server2/*', '*/update', '*/request', '/server3/fun', '/server1/not/fun'], 'negate_paths': False, 'hosts': None, 'negate_hosts': False}, {'src_ports': [11, 111, 1, 22, 2, 222, (1024, 2048), (4000, 6000), 6002, 6007], 'negate_src_ports': False, 'dst_ports': [(1024, 4000), (400, 600), 5555, 17, 42, 11, 1], 'negate_dst_ports': False, 'methods': None, 'negate_methods': False, 'paths': ['/server2/*', '*/update', '/server3/fun'], 'negate_paths': False, 'hosts': ['/canada/*', '/my/funny/cat'], 'negate_hosts': False}, {'src_ports': [(1024, 1048), (2024, 2048), (4000, 5005), 6002, 6007], 'negate_src_ports': False, 'dst_ports': [1, 2, 3, 123, (1024, 4000), (400, 600), 5555, 17, 42], 'negate_dst_ports': False, 'methods': ['GET', 'DELETE', 'PUT'], 'negate_methods': False, 'paths': ['*/fun', '/server/*', '/server1/*'], 'negate_paths': True, 'hosts': ['/canada/*', '/us/newyork/*', '/france/paris/*'], 'negate_hosts': False}, {'src_ports': [(1024, 2048), (4000, 6000), 6002, 6007], 'negate_src_ports': False, 'dst_ports': [(1024, 4000), (400, 600), 5555, 17, 42], 'negate_dst_ports': True, 'methods': ['PUT', 'DELETE', 'CONNECT'], 'negate_methods': False, 'paths': ['*/update', '*/request', '/server3/*'], 'negate_paths': False, 'hosts': ['/my/funny/cat'], 'negate_hosts': False}]>"
3.3083382999757305,0.32057099998928607,False,False,"<allow_list=[{'src_ports': None, 'negate_src_ports': False, 'dst_ports': None, 'negate_dst_ports': False, 'methods': ['GET'], 'negate_methods': False, 'paths': None, 'negate_paths': False, 'hosts': None, 'negate_hosts': False}, {'src_ports': [(0, 1000), 1234, 4321], 'negate_src_ports': True, 'dst_ports': [(0, 1000), 1234, 4321], 'negate_dst_ports': True, 'methods': None, 'negate_methods': False, 'paths': None, 'negate_paths': False, 'hosts': None, 'negate_hosts': False}, {'src_ports': [443], 'negate_src_ports': False, 'dst_ports': [443], 'negate_dst_ports': False, 'methods': ['GET'], 'negate_methods': False, 'paths': ['/server/request'], 'negate_paths': False, 'hosts': ['/us/*'], 'negate_hosts': False}, {'src_ports': [443, 444], 'negate_src_ports': False, 'dst_ports': [443, 444], 'negate_dst_ports': False, 'methods': ['GET', 'PUT', 'POST', 'DELETE'], 'negate_methods': False, 'paths': ['/server/request', '/server/update', '/server2/*'], 'negate_paths': False, 'hosts': ['/us/*', '/canada/*'], 'negate_hosts': False}, {'src_ports': [(1024, 2048), (4000, 6000)], 'negate_src_ports': False, 'dst_ports': [(1024, 4000), (400, 600), 5555], 'negate_dst_ports': False, 'methods': ['GET', 'PUT'], 'negate_methods': False, 'paths': ['/server2/*', '*/update'], 'negate_paths': True, 'hosts': ['/canada/*', '/us/*', '/my/funny/cat'], 'negate_hosts': False}, {'src_ports': [(1024, 2048), (4000, 6000), 6002, 6007], 'negate_src_ports': False, 'dst_ports': [(1024, 4000), (400, 600), 5555, 17, 42], 'negate_dst_ports': True, 'methods': ['GET', 'DELETE'], 'negate_methods': False, 'paths': ['/server2/update', '*/update', '*/request', '/server3/fun'], 'negate_paths': False, 'hosts': ['/canada/*', '/us/*', '/my/funny/cat'], 'negate_hosts': True}, {'src_ports': [(0, 13107), (26214, 39321), (52428, 65536)], 'negate_src_ports': False, 'dst_ports': [(0, 21845), (43690, 65536)], 'negate_dst_ports': False, 'methods': None, 'negate_methods': False, 'paths': ['/server2/*', '*/update', '*/request', '/server3/fun', '/server1/not/fun'], 'negate_paths': False, 'hosts': None, 'negate_hosts': False}]; deny_list=[{'src_ports': [11, 111, 1, 22, 2, 222, (1024, 2048), (4000, 6000), 6002, 6007], 'negate_src_ports': False, 'dst_ports': [(1024, 4000), (400, 600), 5555, 17, 42, 11, 1], 'negate_dst_ports': False, 'methods': None, 'negate_methods': False, 'paths': ['/server2/*', '*/update', '/server3/fun'], 'negate_paths': False, 'hosts': ['/canada/*', '/my/funny/cat'], 'negate_hosts': False}, {'src_ports': [(1024, 1048), (2024, 2048), (4000, 5005), 6002, 6007], 'negate_src_ports': False, 'dst_ports': [1, 2, 3, 123, (1024, 4000), (400, 600), 5555, 17, 42], 'negate_dst_ports': False, 'methods': ['GET', 'DELETE', 'PUT'], 'negate_methods': False, 'paths': ['*/fun', '/server/*', '/server1/*'], 'negate_paths': True, 'hosts': ['/canada/*', '/us/newyork/*', '/france/paris/*'], 'negate_hosts': False}, {'src_ports': [(1024, 2048), (4000, 6000), 6002, 6007], 'negate_src_ports': False, 'dst_ports': [(1024, 4000), (400, 600), 5555, 17, 42], 'negate_dst_ports': True, 'methods': ['PUT', 'DELETE', 'CONNECT'], 'negate_methods': False, 'paths': ['*/update', '*/request', '/server3/*'], 'negate_paths': False, 'hosts': ['/my/funny/cat'], 'negate_hosts': False}]>"
0.006313100049737841,0.47647769999457523,False,False,"<allow_list=[{'src_ports': None, 'negate_src_ports': False, 'dst_ports': None, 'negate_dst_ports': False, 'methods': ['GET'], 'negate_methods': False, 'paths': None, 'negate_paths': False, 'hosts': None, 'negate_hosts': False}, {'src_ports': [(0, 1000), 1234, 4321], 'negate_src_ports': True, 'dst_ports': [(0, 1000), 1234, 4321], 'negate_dst_ports': True, 'methods': None, 'negate_methods': False, 'paths': None, 'negate_paths': False, 'hosts': None, 'negate_hosts': False}, {'src_ports': [443], 'negate_src_ports': False, 'dst_ports': [443], 'negate_dst_ports': False, 'methods': ['GET'], 'negate_methods': False, 'paths': ['/server/request'], 'negate_paths': False, 'hosts': ['/us/*'], 'negate_hosts': False}, {'src_ports': [443, 444], 'negate_src_ports': False, 'dst_ports': [443, 444], 'negate_dst_ports': False, 'methods': ['GET', 'PUT', 'POST', 'DELETE'], 'negate_methods': False, 'paths': ['/server/request', '/server/update', '/server2/*'], 'negate_paths': False, 'hosts': ['/us/*', '/canada/*'], 'negate_hosts': False}, {'src_ports': [(1024, 2048), (4000, 6000)], 'negate_src_ports': False, 'dst_ports': [(1024, 4000), (400, 600), 5555], 'negate_dst_ports': False, 'methods': ['GET', 'PUT'], 'negate_methods': False, 'paths': ['/server2/*', '*/update'], 'negate_paths': True, 'hosts': ['/canada/*', '/us/*', '/my/funny/cat'], 'negate_hosts': False}, {'src_ports': [(1024, 2048), (4000, 6000), 6002, 6007], 'negate_src_ports': False, 'dst_ports': [(1024, 4000), (400, 600), 5555, 17, 42], 'negate_dst_ports': True, 'methods': ['GET', 'DELETE'], 'negate_methods': False, 'paths': ['/server2/update', '*/update', '*/request', '/server3/fun'], 'negate_paths': False, 'hosts': ['/canada/*', '/us/*', '/my/funny/cat'], 'negate_hosts': True}, {'src_ports': [(0, 13107), (26214, 39321), (52428, 65536)], 'negate_src_ports': False, 'dst_ports': [(0, 21845), (43690, 65536)], 'negate_dst_ports': False, 'methods': None, 'negate_methods': False, 'paths': ['/server2/*', '*/update', '*/request', '/server3/fun', '/server1/not/fun'], 'negate_paths': False, 'hosts': None, 'negate_hosts': False}, {'src_ports': [11, 111, 1, 22, 2, 222, (1024, 2048), (4000, 6000), 6002, 6007], 'negate_src_ports': False, 'dst_ports': [(1024, 4000), (400, 600), 5555, 17, 42, 11, 1], 'negate_dst_ports': False, 'methods': None, 'negate_methods': False, 'paths': ['/server2/*', '*/update', '/server3/fun'], 'negate_paths': False, 'hosts': ['/canada/*', '/my/funny/cat'], 'negate_hosts': False}]; deny_list=[{'src_ports': [(1024, 1048), (2024, 2048), (4000, 5005), 6002, 6007], 'negate_src_ports': False, 'dst_ports': [1, 2, 3, 123, (1024, 4000), (400, 600), 5555, 17, 42], 'negate_dst_ports': False, 'methods': ['GET', 'DELETE', 'PUT'], 'negate_methods': False, 'paths': ['*/fun', '/server/*', '/server1/*'], 'negate_paths': True, 'hosts': ['/canada/*', '/us/newyork/*', '/france/paris/*'], 'negate_hosts': False}, {'src_ports': [(1024, 2048), (4000, 6000), 6002, 6007], 'negate_src_ports': False, 'dst_ports': [(1024, 4000), (400, 600), 5555, 17, 42], 'negate_dst_ports': True, 'methods': ['PUT', 'DELETE', 'CONNECT'], 'negate_methods': False, 'paths': ['*/update', '*/request', '/server3/*'], 'negate_paths': False, 'hosts': ['/my/funny/cat'], 'negate_hosts': False}]>"
0.3068918999633752,0.4825293999747373,False,False,"<allow_list=[{'src_ports': None, 'negate_src_ports': False, 'dst_ports': None, 'negate_dst_ports': False, 'methods': ['GET'], 'negate_methods': False, 'paths': None, 'negate_paths': False, 'hosts': None, 'negate_hosts': False}, {'src_ports': [(0, 1000), 1234, 4321], 'negate_src_ports': True, 'dst_ports': [(0, 1000), 1234, 4321], 'negate_dst_ports': True, 'methods': None, 'negate_methods': False, 'paths': None, 'negate_paths': False, 'hosts': None, 'negate_hosts': False}, {'src_ports': [443], 'negate_src_ports': False, 'dst_ports': [443], 'negate_dst_ports': False, 'methods': ['GET'], 'negate_methods': False, 'paths': ['/server/request'], 'negate_paths': False, 'hosts': ['/us/*'], 'negate_hosts': False}, {'src_ports': [443, 444], 'negate_src_ports': False, 'dst_ports': [443, 444], 'negate_dst_ports': False, 'methods': ['GET', 'PUT', 'POST', 'DELETE'], 'negate_methods': False, 'paths': ['/server/request', '/server/update', '/server2/*'], 'negate_paths': False, 'hosts': ['/us/*', '/canada/*'], 'negate_hosts': False}, {'src_ports': [(1024, 2048), (4000, 6000)], 'negate_src_ports': False, 'dst_ports': [(1024, 4000), (400, 600), 5555], 'negate_dst_ports': False, 'methods': ['GET', 'PUT'], 'negate_methods': False, 'paths': ['/server2/*', '*/update'], 'negate_paths': True, 'hosts': ['/canada/*', '/us/*', '/my/funny/cat'], 'negate_hosts': False}, {'src_ports': [(1024, 2048), (4000, 6000), 6002, 6007], 'negate_src_ports': False, 'dst_ports': [(1024, 4000), (400, 600), 5555, 17, 42], 'negate_dst_ports': True, 'methods': ['GET', 'DELETE'], 'negate_methods': False, 'paths': ['/server2/update', '*/update', '*/request', '/server3/fun'], 'negate_paths': False, 'hosts': ['/canada/*', '/us/*', '/my/funny/cat'], 'negate_hosts': True}, {'src_ports': [(0, 13107), (26214, 39321), (52428, 65536)], 'negate_src_ports': False, 'dst_ports': [(0, 21845), (43690, 65536)], 'negate_dst_ports': False, 'methods': None, 'negate_methods': False, 'paths': ['/server2/*', '*/update', '*/request', '/server3/fun', '/server1/not/fun'], 'negate_paths': False, 'hosts': None, 'negate_hosts': False}, {'src_ports': [11, 111, 1, 22, 2, 222, (1024, 2048), (4000, 6000), 6002, 6007], 'negate_src_ports': False, 'dst_ports': [(1024, 4000), (400, 600), 5555, 17, 42, 11, 1], 'negate_dst_ports': False, 'methods': None, 'negate_methods': False, 'paths': ['/server2/*', '*/update', '/server3/fun'], 'negate_paths': False, 'hosts': ['/canada/*', '/my/funny/cat'], 'negate_hosts': False}, {'src_ports': [(1024, 1048), (2024, 2048), (4000, 5005), 6002, 6007], 'negate_src_ports': False, 'dst_ports': [1, 2, 3, 123, (1024, 4000), (400, 600), 5555, 17, 42], 'negate_dst_ports': False, 'methods': ['GET', 'DELETE', 'PUT'], 'negate_methods': False, 'paths': ['*/fun', '/server/*', '/server1/*'], 'negate_paths': True, 'hosts': ['/canada/*', '/us/newyork/*', '/france/paris/*'], 'negate_hosts': False}]; deny_list=[{'src_ports': [(1024, 2048), (4000, 6000), 6002, 6007], 'negate_src_ports': False, 'dst_ports': [(1024, 4000), (400, 600), 5555, 17, 42], 'negate_dst_ports': True, 'methods': ['PUT', 'DELETE', 'CONNECT'], 'negate_methods': False, 'paths': ['*/update', '*/request', '/server3/*'], 'negate_paths': False, 'hosts': ['/my/funny/cat'], 'negate_hosts': False}]>"
0.00794280000263825,0.1877047999878414,False,False,"<allow_list=[{'src_ports': [(0, 1000), 1234, 4321], 'negate_src_ports': True, 'dst_ports': [(0, 1000), 1234, 4321], 'negate_dst_ports': True, 'methods': None, 'negate_methods': False, 'paths': None, 'negate_paths': False, 'hosts': None, 'negate_hosts': False}, {'src_ports': [443], 'negate_src_ports': False, 'dst_ports': [443], 'negate_dst_ports': False, 'methods': ['GET'], 'negate_methods': False, 'paths': ['/server/request'], 'negate_paths': False, 'hosts': ['/us/*'], 'negate_hosts': False}, {'src_ports': [443, 444], 'negate_src_ports': False, 'dst_ports': [443, 444], 'negate_dst_ports': False, 'methods': ['GET', 'PUT', 'POST', 'DELETE'], 'negate_methods': False, 'paths': ['/server/request', '/server/update', '/server2/*'], 'negate_paths': False, 'hosts': ['/us/*', '/canada/*'], 'negate_hosts': False}, {'src_ports': [(1024, 2048), (4000, 6000)], 'negate_src_ports': False, 'dst_ports': [(1024, 4000), (400, 600), 5555], 'negate_dst_ports': False, 'methods': ['GET', 'PUT'], 'negate_methods': False, 'paths': ['/server2/*', '*/update'], 'negate_paths': True, 'hosts': ['/canada/*', '/us/*', '/my/funny/cat'], 'negate_hosts': False}, {'src_ports': [(1024, 2048), (4000, 6000), 6002, 6007], 'negate_src_ports': False, 'dst_ports': [(1024, 4000), (400, 600), 5555, 17, 42], 'negate_dst_ports': True, 'methods': ['GET', 'DELETE'], 'negate_methods': False, 'paths': ['/server2/update', '*/update', '*/request', '/server3/fun'], 'negate_paths': False, 'hosts': ['/canada/*', '/us/*', '/my/funny/cat'], 'negate_hosts': True}, {'src_ports': [(0, 13107), (26214, 39321), (52428, 65536)], 'negate_src_ports': False, 'dst_ports': [(0, 21845), (43690, 65536)], 'negate_dst_ports': False, 'methods': None, 'negate_methods': False, 'paths': ['/server2/*', '*/update', '*/request', '/server3/fun', '/server1/not/fun'], 'negate_paths': False, 'hosts': None, 'negate_hosts': False}, {'src_ports': [11, 111, 1, 22, 2, 222, (1024, 2048), (4000, 6000), 6002, 6007], 'negate_src_ports': False, 'dst_ports': [(1024, 4000), (400, 600), 5555, 17, 42, 11, 1], 'negate_dst_ports': False, 'methods': None, 'negate_methods': False, 'paths': ['/server2/*', '*/update', '/server3/fun'], 'negate_paths': False, 'hosts': ['/canada/*', '/my/funny/cat'], 'negate_hosts': False}, {'src_ports': [(1024, 1048), (2024, 2048), (4000, 5005), 6002, 6007], 'negate_src_ports': False, 'dst_ports': [1, 2, 3, 123, (1024, 4000), (400, 600), 5555, 17, 42], 'negate_dst_ports': False, 'methods': ['GET', 'DELETE', 'PUT'], 'negate_methods': False, 'paths': ['*/fun', '/server/*', '/server1/*'], 'negate_paths': True, 'hosts': ['/canada/*', '/us/newyork/*', '/france/paris/*'], 'negate_hosts': False}, {'src_ports': [(1024, 2048), (4000, 6000), 6002, 6007], 'negate_src_ports': False, 'dst_ports': [(1024, 4000), (400, 600), 5555, 17, 42], 'negate_dst_ports': True, 'methods': ['PUT', 'DELETE', 'CONNECT'], 'negate_methods': False, 'paths': ['*/update', '*/request', '/server3/*'], 'negate_paths': False, 'hosts': ['/my/funny/cat'], 'negate_hosts': False}]; deny_list=[{'src_ports': None, 'negate_src_ports': False, 'dst_ports': None, 'negate_dst_ports': False, 'methods': ['GET'], 'negate_methods': False, 'paths': None, 'negate_paths': False, 'hosts': None, 'negate_hosts': False}]>"
0.005435700004454702,0.506578900036402,False,False,"<allow_list=[{'src_ports': [443], 'negate_src_ports': False, 'dst_ports': [443], 'negate_dst_ports': False, 'methods': ['GET'], 'negate_methods': False, 'paths': ['/server/request'], 'negate_paths': False, 'hosts': ['/us/*'], 'negate_hosts': False}, {'src_ports': [443, 444], 'negate_src_ports': False, 'dst_ports': [443, 444], 'negate_dst_ports': False, 'methods': ['GET', 'PUT', 'POST', 'DELETE'], 'negate_methods': False, 'paths': ['/server/request', '/server/update', '/server2/*'], 'negate_paths': False, 'hosts': ['/us/*', '/canada/*'], 'negate_hosts': False}, {'src_ports': [(1024, 2048), (4000, 6000)], 'negate_src_ports': False, 'dst_ports': [(1024, 4000), (400, 600), 5555], 'negate_dst_ports': False, 'methods': ['GET', 'PUT'], 'negate_methods': False, 'paths': ['/server2/*', '*/update'], 'negate_paths': True, 'hosts': ['/canada/*', '/us/*', '/my/funny/cat'], 'negate_hosts': False}, {'src_ports': [(1024, 2048), (4000, 6000), 6002, 6007], 'negate_src_ports': False, 'dst_ports': [(1024, 4000), (400, 600), 5555, 17, 42], 'negate_dst_ports': True, 'methods': ['GET', 'DELETE'], 'negate_methods': False, 'paths': ['/server2/update', '*/update', '*/request', '/server3/fun'], 'negate_paths': False, 'hosts': ['/canada/*', '/us/*', '/my/funny/cat'], 'negate_hosts': True}, {'src_ports': [(0, 13107), (26214, 39321), (52428, 65536)], 'negate_src_ports': False, 'dst_ports': [(0, 21845), (43690, 65536)], 'negate_dst_ports': False, 'methods': None, 'negate_methods': False, 'paths': ['/server2/*', '*/update', '*/request', '/server3/fun', '/server1/not/fun'], 'negate_paths': False, 'hosts': None, 'negate_hosts': False}, {'src_ports': [11, 111, 1, 22, 2, 222, (1024, 2048), (4000, 6000), 6002, 6007], 'negate_src_ports': False, 'dst_ports': [(1024, 4000), (400, 600), 5555, 17, 42, 11, 1], 'negate_dst_ports': False, 'methods': None, 'negate_methods': False, 'paths': ['/server2/*', '*/update', '/server3/fun'], 'negate_paths': False, 'hosts': ['/canada/*', '/my/funny/cat'], 'negate_hosts': False}, {'src_ports': [(1024, 1048), (2024, 2048), (4000, 5005), 6002, 6007], 'negate_src_ports': False, 'dst_ports': [1, 2, 3, 123, (1024, 4000), (400, 600), 5555, 17, 42], 'negate_dst_ports': False, 'methods': ['GET', 'DELETE', 'PUT'], 'negate_methods': False, 'paths': ['*/fun', '/server/*', '/server1/*'], 'negate_paths': True, 'hosts': ['/canada/*', '/us/newyork/*', '/france/paris/*'], 'negate_hosts': False}, {'src_ports': [(1024, 2048), (4000, 6000), 6002, 6007], 'negate_src_ports': False, 'dst_ports': [(1024, 4000), (400, 600), 5555, 17, 42], 'negate_dst_ports': True, 'methods': ['PUT', 'DELETE', 'CONNECT'], 'negate_methods': False, 'paths': ['*/update', '*/request', '/server3/*'], 'negate_paths': False, 'hosts': ['/my/funny/cat'], 'negate_hosts': False}]; deny_list=[{'src_ports': None, 'negate_src_ports': False, 'dst_ports': None, 'negate_dst_ports': False, 'methods': ['GET'], 'negate_methods': False, 'paths': None, 'negate_paths': False, 'hosts': None, 'negate_hosts': False}, {'src_ports': [(0, 1000), 1234, 4321], 'negate_src_ports': True, 'dst_ports': [(0, 1000), 1234, 4321], 'negate_dst_ports': True, 'methods': None, 'negate_methods': False, 'paths': None, 'negate_paths': False, 'hosts': None, 'negate_hosts': False}]>"
0.005305900005623698,0.5022812000242993,False,False,"<allow_list=[{'src_ports': [443, 444], 'negate_src_ports': False, 'dst_ports': [443, 444], 'negate_dst_ports': False, 'methods': ['GET', 'PUT', 'POST', 'DELETE'], 'negate_methods': False, 'paths': ['/server/request', '/server/update', '/server2/*'], 'negate_paths': False, 'hosts': ['/us/*', '/canada/*'], 'negate_hosts': False}, {'src_ports': [(1024, 2048), (4000, 6000)], 'negate_src_ports': False, 'dst_ports': [(1024, 4000), (400, 600), 5555], 'negate_dst_ports': False, 'methods': ['GET', 'PUT'], 'negate_methods': False, 'paths': ['/server2/*', '*/update'], 'negate_paths': True, 'hosts': ['/canada/*', '/us/*', '/my/funny/cat'], 'negate_hosts': False}, {'src_ports': [(1024, 2048), (4000, 6000), 6002, 6007], 'negate_src_ports': False, 'dst_ports': [(1024, 4000), (400, 600), 5555, 17, 42], 'negate_dst_ports': True, 'methods': ['GET', 'DELETE'], 'negate_methods': False, 'paths': ['/server2/update', '*/update', '*/request', '/server3/fun'], 'negate_paths': False, 'hosts': ['/canada/*', '/us/*', '/my/funny/cat'], 'negate_hosts': True}, {'src_ports': [(0, 13107), (26214, 39321), (52428, 65536)], 'negate_src_ports': False, 'dst_ports': [(0, 21845), (43690, 65536)], 'negate_dst_ports': False, 'methods': None, 'negate_methods': False, 'paths': ['/server2/*', '*/update', '*/request', '/server3/fun', '/server1/not/fun'], 'negate_paths': False, 'hosts': None, 'negate_hosts': False}, {'src_ports': [11, 111, 1, 22, 2, 222, (1024, 2048), (4000, 6000), 6002, 6007], 'negate_src_ports': False, 'dst_ports': [(1024, 4000), (400, 600), 5555, 17, 42, 11, 1], 'negate_dst_ports': False, 'methods': None, 'negate_methods': False, 'paths': ['/server2/*', '*/update', '/server3/fun'], 'negate_paths': False, 'hosts': ['/canada/*', '/my/funny/cat'], 'negate_hosts': False}, {'src_ports': [(1024, 1048), (2024, 2048), (4000, 5005), 6002, 6007], 'negate_src_ports': False, 'dst_ports': [1, 2, 3, 123, (1024, 4000), (400, 600), 5555, 17, 42], 'negate_dst_ports': False, 'methods': ['GET', 'DELETE', 'PUT'], 'negate_methods': False, 'paths': ['*/fun', '/server/*', '/server1/*'], 'negate_paths': True, 'hosts': ['/canada/*', '/us/newyork/*', '/france/paris/*'], 'negate_hosts': False}, {'src_ports': [(1024, 2048), (4000, 6000), 6002, 6007], 'negate_src_ports': False, 'dst_ports': [(1024, 4000), (400, 600), 5555, 17, 42], 'negate_dst_ports': True, 'methods': ['PUT', 'DELETE', 'CONNECT'], 'negate_methods': False, 'paths': ['*/update', '*/request', '/server3/*'], 'negate_paths': False, 'hosts': ['/my/funny/cat'], 'negate_hosts': False}]; deny_list=[{'src_ports': None, 'negate_src_ports': False, 'dst_ports': None, 'negate_dst_ports': False, 'methods': ['GET'], 'negate_methods': False, 'paths': None, 'negate_paths': False, 'hosts': None, 'negate_hosts': False}, {'src_ports': [(0, 1000), 1234, 4321], 'negate_src_ports': True, 'dst_ports': [(0, 1000), 1234, 4321], 'negate_dst_ports': True, 'methods': None, 'negate_methods': False, 'paths': None, 'negate_paths': False, 'hosts': None, 'negate_hosts': False}, {'src_ports': [443], 'negate_src_ports': False, 'dst_ports': [443], 'negate_dst_ports': False, 'methods': ['GET'], 'negate_methods': False, 'paths': ['/server/request'], 'negate_paths': False, 'hosts': ['/us/*'], 'negate_hosts': False}]>"
0.005196199985221028,0.34648089995607734,False,False,"<allow_list=[{'src_ports': [(1024, 2048), (4000, 6000)], 'negate_src_ports': False, 'dst_ports': [(1024, 4000), (400, 600), 5555], 'negate_dst_ports': False, 'methods': ['GET', 'PUT'], 'negate_methods': False, 'paths': ['/server2/*', '*/update'], 'negate_paths': True, 'hosts': ['/canada/*', '/us/*', '/my/funny/cat'], 'negate_hosts': False}, {'src_ports': [(1024, 2048), (4000, 6000), 6002, 6007], 'negate_src_ports': False, 'dst_ports': [(1024, 4000), (400, 600), 5555, 17, 42], 'negate_dst_ports': True, 'methods': ['GET', 'DELETE'], 'negate_methods': False, 'paths': ['/server2/update', '*/update', '*/request', '/server3/fun'], 'negate_paths': False, 'hosts': ['/canada/*', '/us/*', '/my/funny/cat'], 'negate_hosts': True}, {'src_ports': [(0, 13107), (26214, 39321), (52428, 65536)], 'negate_src_ports': False, 'dst_ports': [(0, 21845), (43690, 65536)], 'negate_dst_ports': False, 'methods': None, 'negate_methods': False, 'paths': ['/server2/*', '*/update', '*/request', '/server3/fun', '/server1/not/fun'], 'negate_paths': False, 'hosts': None, 'negate_hosts': False}, {'src_ports': [11, 111, 1, 22, 2, 222, (1024, 2048), (4000, 6000), 6002, 6007], 'negate_src_ports': False, 'dst_ports': [(1024, 4000), (400, 600), 5555, 17, 42, 11, 1], 'negate_dst_ports': False, 'methods': None, 'negate_methods': False, 'paths': ['/server2/*', '*/update', '/server3/fun'], 'negate_paths': False, 'hosts': ['/canada/*', '/my/funny/cat'], 'negate_hosts': False}, {'src_ports': [(1024, 1048), (2024, 2048), (4000, 5005), 6002, 6007], 'negate_src_ports': False, 'dst_ports': [1, 2, 3, 123, (1024, 4000), (400, 600), 5555, 17, 42], 'negate_dst_ports': False, 'methods': ['GET', 'DELETE', 'PUT'], 'negate_methods': False, 'paths': ['*/fun', '/server/*', '/server1/*'], 'negate_paths': True, 'hosts': ['/canada/*', '/us/newyork/*', '/france/paris/*'], 'negate_hosts': False}, {'src_ports': [(1024, 2048), (4000, 6000), 6002, 6007], 'negate_src_ports': False, 'dst_ports': [(1024, 4000), (400, 600), 5555, 17, 42], 'negate_dst_ports': True, 'methods': ['PUT', 'DELETE', 'CONNECT'], 'negate_methods': False, 'paths': ['*/update', '*/request', '/server3/*'], 'negate_paths': False, 'hosts': ['/my/funny/cat'], 'negate_hosts': False}]; deny_list=[{'src_ports': None, 'negate_src_ports': False, 'dst_ports': None, 'negate_dst_ports': False, 'methods': ['GET'], 'negate_methods': False, 'paths': None, 'negate_paths': False, 'hosts': None, 'negate_hosts': False}, {'src_ports': [(0, 1000), 1234, 4321], 'negate_src_ports': True, 'dst_ports': [(0, 1000), 1234, 4321], 'negate_dst_ports': True, 'methods': None, 'negate_methods': False, 'paths': None, 'negate_paths': False, 'hosts': None, 'negate_hosts': False}, {'src_ports': [443], 'negate_src_ports': False, 'dst_ports': [443], 'negate_dst_ports': False, 'methods': ['GET'], 'negate_methods': False, 'paths': ['/server/request'], 'negate_paths': False, 'hosts': ['/us/*'], 'negate_hosts': False}, {'src_ports': [443, 444], 'negate_src_ports': False, 'dst_ports': [443, 444], 'negate_dst_ports': False, 'methods': ['GET', 'PUT', 'POST', 'DELETE'], 'negate_methods': False, 'paths': ['/server/request', '/server/update', '/server2/*'], 'negate_paths': False, 'hosts': ['/us/*', '/canada/*'], 'negate_hosts': False}]>"
0.006940599996596575,0.7308707000338472,False,False,"<allow_list=[{'src_ports': [(1024, 2048), (4000, 6000), 6002, 6007], 'negate_src_ports': False, 'dst_ports': [(1024, 4000), (400, 600), 5555, 17, 42], 'negate_dst_ports': True, 'methods': ['GET', 'DELETE'], 'negate_methods': False, 'paths': ['/server2/update', '*/update', '*/request', '/server3/fun'], 'negate_paths': False, 'hosts': ['/canada/*', '/us/*', '/my/funny/cat'], 'negate_hosts': True}, {'src_ports': [(0, 13107), (26214, 39321), (52428, 65536)], 'negate_src_ports': False, 'dst_ports': [(0, 21845), (43690, 65536)], 'negate_dst_ports': False, 'methods': None, 'negate_methods': False, 'paths': ['/server2/*', '*/update', '*/request', '/server3/fun', '/server1/not/fun'], 'negate_paths': False, 'hosts': None, 'negate_hosts': False}, {'src_ports': [11, 111, 1, 22, 2, 222, (1024, 2048), (4000, 6000), 6002, 6007], 'negate_src_ports': False, 'dst_ports': [(1024, 4000), (400, 600), 5555, 17, 42, 11, 1], 'negate_dst_ports': False, 'methods': None, 'negate_methods': False, 'paths': ['/server2/*', '*/update', '/server3/fun'], 'negate_paths': False, 'hosts': ['/canada/*', '/my/funny/cat'], 'negate_hosts': False}, {'src_ports': [(1024, 1048), (2024, 2048), (4000, 5005), 6002, 6007], 'negate_src_ports': False, 'dst_ports': [1, 2, 3, 123, (1024, 4000), (400, 600), 5555, 17, 42], 'negate_dst_ports': False, 'methods': ['GET', 'DELETE', 'PUT'], 'negate_methods': False, 'paths': ['*/fun', '/server/*', '/server1/*'], 'negate_paths': True, 'hosts': ['/canada/*', '/us/newyork/*', '/france/paris/*'], 'negate_hosts': False}, {'src_ports': [(1024, 2048), (4000, 6000), 6002, 6007], 'negate_src_ports': False, 'dst_ports': [(1024, 4000), (400, 600), 5555, 17, 42], 'negate_dst_ports': True, 'methods': ['PUT', 'DELETE', 'CONNECT'], 'negate_methods': False, 'paths': ['*/update', '*/request', '/server3/*'], 'negate_paths': False, 'hosts': ['/my/funny/cat'], 'negate_hosts': False}]; deny_list=[{'src_ports': None, 'negate_src_ports': False, 'dst_ports': None, 'negate_dst_ports': False, 'methods': ['GET'], 'negate_methods': False, 'paths': None, 'negate_paths': False, 'hosts': None, 'negate_hosts': False}, {'src_ports': [(0, 1000), 1234, 4321], 'negate_src_ports': True, 'dst_ports': [(0, 1000), 1234, 4321], 'negate_dst_ports': True, 'methods': None, 'negate_methods': False, 'paths': None, 'negate_paths': False, 'hosts': None, 'negate_hosts': False}, {'src_ports': [443], 'negate_src_ports': False, 'dst_ports': [443], 'negate_dst_ports': False, 'methods': ['GET'], 'negate_methods': False, 'paths': ['/server/request'], 'negate_paths': False, 'hosts': ['/us/*'], 'negate_hosts': False}, {'src_ports': [443, 444], 'negate_src_ports': False, 'dst_ports': [443, 444], 'negate_dst_ports': False, 'methods': ['GET', 'PUT', 'POST', 'DELETE'], 'negate_methods': False, 'paths': ['/server/request', '/server/update', '/server2/*'], 'negate_paths': False, 'hosts': ['/us/*', '/canada/*'], 'negate_hosts': False}, {'src_ports': [(1024, 2048), (4000, 6000)], 'negate_src_ports': False, 'dst_ports': [(1024, 4000), (400, 600), 5555], 'negate_dst_ports': False, 'methods': ['GET', 'PUT'], 'negate_methods': False, 'paths': ['/server2/*', '*/update'], 'negate_paths': True, 'hosts': ['/canada/*', '/us/*', '/my/funny/cat'], 'negate_hosts': False}]>"
0.735555800027214,0.564777999999933,False,False,"<allow_list=[{'src_ports': [(0, 13107), (26214, 39321), (52428, 65536)], 'negate_src_ports': False, 'dst_ports': [(0, 21845), (43690, 65536)], 'negate_dst_ports': False, 'methods': None, 'negate_methods': False, 'paths': ['/server2/*', '*/update', '*/request', '/server3/fun', '/server1/not/fun'], 'negate_paths': False, 'hosts': None, 'negate_hosts': False}, {'src_ports': [11, 111, 1, 22, 2, 222, (1024, 2048), (4000, 6000), 6002, 6007], 'negate_src_ports': False, 'dst_ports': [(1024, 4000), (400, 600), 5555, 17, 42, 11, 1], 'negate_dst_ports': False, 'methods': None, 'negate_methods': False, 'paths': ['/server2/*', '*/update', '/server3/fun'], 'negate_paths': False, 'hosts': ['/canada/*', '/my/funny/cat'], 'negate_hosts': False}, {'src_ports': [(1024, 1048), (2024, 2048), (4000, 5005), 6002, 6007], 'negate_src_ports': False, 'dst_ports': [1, 2, 3, 123, (1024, 4000), (400, 600), 5555, 17, 42], 'negate_dst_ports': False, 'methods': ['GET', 'DELETE', 'PUT'], 'negate_methods': False, 'paths': ['*/fun', '/server/*', '/server1/*'], 'negate_paths': True, 'hosts': ['/canada/*', '/us/newyork/*', '/france/paris/*'], 'negate_hosts': False}, {'src_ports': [(1024, 2048), (4000, 6000), 6002, 6007], 'negate_src_ports': False, 'dst_ports': [(1024, 4000), (400, 600), 5555, 17, 42], 'negate_dst_ports': True, 'methods': ['PUT', 'DELETE', 'CONNECT'], 'negate_methods': False, 'paths': ['*/update', '*/request', '/server3/*'], 'negate_paths': False, 'hosts': ['/my/funny/cat'], 'negate_hosts': False}]; deny_list=[{'src_ports': None, 'negate_src_ports': False, 'dst_ports': None, 'negate_dst_ports': False, 'methods': ['GET'], 'negate_methods': False, 'paths': None, 'negate_paths': False, 'hosts': None, 'negate_hosts': False}, {'src_ports': [(0, 1000), 1234, 4321], 'negate_src_ports': True, 'dst_ports': [(0, 1000), 1234, 4321], 'negate_dst_ports': True, 'methods': None, 'negate_methods': False, 'paths': None, 'negate_paths': False, 'hosts': None, 'negate_hosts': False}, {'src_ports': [443], 'negate_src_ports': False, 'dst_ports': [443], 'negate_dst_ports': False, 'methods': ['GET'], 'negate_methods': False, 'paths': ['/server/request'], 'negate_paths': False, 'hosts': ['/us/*'], 'negate_hosts': False}, {'src_ports': [443, 444], 'negate_src_ports': False, 'dst_ports': [443, 444], 'negate_dst_ports': False, 'methods': ['GET', 'PUT', 'POST', 'DELETE'], 'negate_methods': False, 'paths': ['/server/request', '/server/update', '/server2/*'], 'negate_paths': False, 'hosts': ['/us/*', '/canada/*'], 'negate_hosts': False}, {'src_ports': [(1024, 2048), (4000, 6000)], 'negate_src_ports': False, 'dst_ports': [(1024, 4000), (400, 600), 5555], 'negate_dst_ports': False, 'methods': ['GET', 'PUT'], 'negate_methods': False, 'paths': ['/server2/*', '*/update'], 'negate_paths': True, 'hosts': ['/canada/*', '/us/*', '/my/funny/cat'], 'negate_hosts': False}, {'src_ports': [(1024, 2048), (4000, 6000), 6002, 6007], 'negate_src_ports': False, 'dst_ports': [(1024, 4000), (400, 600), 5555, 17, 42], 'negate_dst_ports': True, 'methods': ['GET', 'DELETE'], 'negate_methods': False, 'paths': ['/server2/update', '*/update', '*/request', '/server3/fun'], 'negate_paths': False, 'hosts': ['/canada/*', '/us/*', '/my/funny/cat'], 'negate_hosts': True}]>"
6.415283199981786,0.7005559999961406,False,False,"<allow_list=[{'src_ports': [11, 111, 1, 22, 2, 222, (1024, 2048), (4000, 6000), 6002, 6007], 'negate_src_ports': False, 'dst_ports': [(1024, 4000), (400, 600), 5555, 17, 42, 11, 1], 'negate_dst_ports': False, 'methods': None, 'negate_methods': False, 'paths': ['/server2/*', '*/update', '/server3/fun'], 'negate_paths': False, 'hosts': ['/canada/*', '/my/funny/cat'], 'negate_hosts': False}, {'src_ports': [(1024, 1048), (2024, 2048), (4000, 5005), 6002, 6007], 'negate_src_ports': False, 'dst_ports': [1, 2, 3, 123, (1024, 4000), (400, 600), 5555, 17, 42], 'negate_dst_ports': False, 'methods': ['GET', 'DELETE', 'PUT'], 'negate_methods': False, 'paths': ['*/fun', '/server/*', '/server1/*'], 'negate_paths': True, 'hosts': ['/canada/*', '/us/newyork/*', '/france/paris/*'], 'negate_hosts': False}, {'src_ports': [(1024, 2048), (4000, 6000), 6002, 6007], 'negate_src_ports': False, 'dst_ports': [(1024, 4000), (400, 600), 5555, 17, 42], 'negate_dst_ports': True, 'methods': ['PUT', 'DELETE', 'CONNECT'], 'negate_methods': False, 'paths': ['*/update', '*/request', '/server3/*'], 'negate_paths': False, 'hosts': ['/my/funny/cat'], 'negate_hosts': False}]; deny_list=[{'src_ports': None, 'negate_src_ports': False, 'dst_ports': None, 'negate_dst_ports': False, 'methods': ['GET'], 'negate_methods': False, 'paths': None, 'negate_paths': False, 'hosts': None, 'negate_hosts': False}, {'src_ports': [(0, 1000), 1234, 4321], 'negate_src_ports': True, 'dst_ports': [(0, 1000), 1234, 4321], 'negate_dst_ports': True, 'methods': None, 'negate_methods': False, 'paths': None, 'negate_paths': False, 'hosts': None, 'negate_hosts': False}, {'src_ports': [443], 'negate_src_ports': False, 'dst_ports': [443], 'negate_dst_ports': False, 'methods': ['GET'], 'negate_methods': False, 'paths': ['/server/request'], 'negate_paths': False, 'hosts': ['/us/*'], 'negate_hosts': False}, {'src_ports': [443, 444], 'negate_src_ports': False, 'dst_ports': [443, 444], 'negate_dst_ports': False, 'methods': ['GET', 'PUT', 'POST', 'DELETE'], 'negate_methods': False, 'paths': ['/server/request', '/server/update', '/server2/*'], 'negate_paths': False, 'hosts': ['/us/*', '/canada/*'], 'negate_hosts': False}, {'src_ports': [(1024, 2048), (4000, 6000)], 'negate_src_ports': False, 'dst_ports': [(1024, 4000), (400, 600), 5555], 'negate_dst_ports': False, 'methods': ['GET', 'PUT'], 'negate_methods': False, 'paths': ['/server2/*', '*/update'], 'negate_paths': True, 'hosts': ['/canada/*', '/us/*', '/my/funny/cat'], 'negate_hosts': False}, {'src_ports': [(1024, 2048), (4000, 6000), 6002, 6007], 'negate_src_ports': False, 'dst_ports': [(1024, 4000), (400, 600), 5555, 17, 42], 'negate_dst_ports': True, 'methods': ['GET', 'DELETE'], 'negate_methods': False, 'paths': ['/server2/update', '*/update', '*/request', '/server3/fun'], 'negate_paths': False, 'hosts': ['/canada/*', '/us/*', '/my/funny/cat'], 'negate_hosts': True}, {'src_ports': [(0, 13107), (26214, 39321), (52428, 65536)], 'negate_src_ports': False, 'dst_ports': [(0, 21845), (43690, 65536)], 'negate_dst_ports': False, 'methods': None, 'negate_methods': False, 'paths': ['/server2/*', '*/update', '*/request', '/server3/fun', '/server1/not/fun'], 'negate_paths': False, 'hosts': None, 'negate_hosts': False}]>"
0.9035920000169426,6.735079399950337,False,False,"<allow_list=[{'src_ports': [(1024, 1048), (2024, 2048), (4000, 5005), 6002, 6007], 'negate_src_ports': False, 'dst_ports': [1, 2, 3, 123, (1024, 4000), (400, 600), 5555, 17, 42], 'negate_dst_ports': False, 'methods': ['GET', 'DELETE', 'PUT'], 'negate_methods': False, 'paths': ['*/fun', '/server/*', '/server1/*'], 'negate_paths': True, 'hosts': ['/canada/*', '/us/newyork/*', '/france/paris/*'], 'negate_hosts': False}, {'src_ports': [(1024, 2048), (4000, 6000), 6002, 6007], 'negate_src_ports': False, 'dst_ports': [(1024, 4000), (400, 600), 5555, 17, 42], 'negate_dst_ports': True, 'methods': ['PUT', 'DELETE', 'CONNECT'], 'negate_methods': False, 'paths': ['*/update', '*/request', '/server3/*'], 'negate_paths': False, 'hosts': ['/my/funny/cat'], 'negate_hosts': False}]; deny_list=[{'src_ports': None, 'negate_src_ports': False, 'dst_ports': None, 'negate_dst_ports': False, 'methods': ['GET'], 'negate_methods': False, 'paths': None, 'negate_paths': False, 'hosts': None, 'negate_hosts': False}, {'src_ports': [(0, 1000), 1234, 4321], 'negate_src_ports': True, 'dst_ports': [(0, 1000), 1234, 4321], 'negate_dst_ports': True, 'methods': None, 'negate_methods': False, 'paths': None, 'negate_paths': False, 'hosts': None, 'negate_hosts': False}, {'src_ports': [443], 'negate_src_ports': False, 'dst_ports': [443], 'negate_dst_ports': False, 'methods': ['GET'], 'negate_methods': False, 'paths': ['/server/request'], 'negate_paths': False, 'hosts': ['/us/*'], 'negate_hosts': False}, {'src_ports': [443, 444], 'negate_src_ports': False, 'dst_ports': [443, 444], 'negate_dst_ports': False, 'methods': ['GET', 'PUT', 'POST', 'DELETE'], 'negate_methods': False, 'paths': ['/server/request', '/server/update', '/server2/*'], 'negate_paths': False, 'hosts': ['/us/*', '/canada/*'], 'negate_hosts': False}, {'src_ports': [(1024, 2048), (4000, 6000)], 'negate_src_ports': False, 'dst_ports': [(1024, 4000), (400, 600), 5555], 'negate_dst_ports': False, 'methods': ['GET', 'PUT'], 'negate_methods': False, 'paths': ['/server2/*', '*/update'], 'negate_paths': True, 'hosts': ['/canada/*', '/us/*', '/my/funny/cat'], 'negate_hosts': False}, {'src_ports': [(1024, 2048), (4000, 6000), 6002, 6007], 'negate_src_ports': False, 'dst_ports': [(1024, 4000), (400, 600), 5555, 17, 42], 'negate_dst_ports': True, 'methods': ['GET', 'DELETE'], 'negate_methods': False, 'paths': ['/server2/update', '*/update', '*/request', '/server3/fun'], 'negate_paths': False, 'hosts': ['/canada/*', '/us/*', '/my/funny/cat'], 'negate_hosts': True}, {'src_ports': [(0, 13107), (26214, 39321), (52428, 65536)], 'negate_src_ports': False, 'dst_ports': [(0, 21845), (43690, 65536)], 'negate_dst_ports': False, 'methods': None, 'negate_methods': False, 'paths': ['/server2/*', '*/update', '*/request', '/server3/fun', '/server1/not/fun'], 'negate_paths': False, 'hosts': None, 'negate_hosts': False}, {'src_ports': [11, 111, 1, 22, 2, 222, (1024, 2048), (4000, 6000), 6002, 6007], 'negate_src_ports': False, 'dst_ports': [(1024, 4000), (400, 600), 5555, 17, 42, 11, 1], 'negate_dst_ports': False, 'methods': None, 'negate_methods': False, 'paths': ['/server2/*', '*/update', '/server3/fun'], 'negate_paths': False, 'hosts': ['/canada/*', '/my/funny/cat'], 'negate_hosts': False}]>"
0.19256230001337826,0.12910640001064166,False,False,"<allow_list=[{'src_ports': [(1024, 2048), (4000, 6000), 6002, 6007], 'negate_src_ports': False, 'dst_ports': [(1024, 4000), (400, 600), 5555, 17, 42], 'negate_dst_ports': True, 'methods': ['PUT', 'DELETE', 'CONNECT'], 'negate_methods': False, 'paths': ['*/update', '*/request', '/server3/*'], 'negate_paths': False, 'hosts': ['/my/funny/cat'], 'negate_hosts': False}]; deny_list=[{'src_ports': None, 'negate_src_ports': False, 'dst_ports': None, 'negate_dst_ports': False, 'methods': ['GET'], 'negate_methods': False, 'paths': None, 'negate_paths': False, 'hosts': None, 'negate_hosts': False}, {'src_ports': [(0, 1000), 1234, 4321], 'negate_src_ports': True, 'dst_ports': [(0, 1000), 1234, 4321], 'negate_dst_ports': True, 'methods': None, 'negate_methods': False, 'paths': None, 'negate_paths': False, 'hosts': None, 'negate_hosts': False}, {'src_ports': [443], 'negate_src_ports': False, 'dst_ports': [443], 'negate_dst_ports': False, 'methods': ['GET'], 'negate_methods': False, 'paths': ['/server/request'], 'negate_paths': False, 'hosts': ['/us/*'], 'negate_hosts': False}, {'src_ports': [443, 444], 'negate_src_ports': False, 'dst_ports': [443, 444], 'negate_dst_ports': False, 'methods': ['GET', 'PUT', 'POST', 'DELETE'], 'negate_methods': False, 'paths': ['/server/request', '/server/update', '/server2/*'], 'negate_paths': False, 'hosts': ['/us/*', '/canada/*'], 'negate_hosts': False}, {'src_ports': [(1024, 2048), (4000, 6000)], 'negate_src_ports': False, 'dst_ports': [(1024, 4000), (400, 600), 5555], 'negate_dst_ports': False, 'methods': ['GET', 'PUT'], 'negate_methods': False, 'paths': ['/server2/*', '*/update'], 'negate_paths': True, 'hosts': ['/canada/*', '/us/*', '/my/funny/cat'], 'negate_hosts': False}, {'src_ports': [(1024, 2048), (4000, 6000), 6002, 6007], 'negate_src_ports': False, 'dst_ports': [(1024, 4000), (400, 600), 5555, 17, 42], 'negate_dst_ports': True, 'methods': ['GET', 'DELETE'], 'negate_methods': False, 'paths': ['/server2/update', '*/update', '*/request', '/server3/fun'], 'negate_paths': False, 'hosts': ['/canada/*', '/us/*', '/my/funny/cat'], 'negate_hosts': True}, {'src_ports': [(0, 13107), (26214, 39321), (52428, 65536)], 'negate_src_ports': False, 'dst_ports': [(0, 21845), (43690, 65536)], 'negate_dst_ports': False, 'methods': None, 'negate_methods': False, 'paths': ['/server2/*', '*/update', '*/request', '/server3/fun', '/server1/not/fun'], 'negate_paths': False, 'hosts': None, 'negate_hosts': False}, {'src_ports': [11, 111, 1, 22, 2, 222, (1024, 2048), (4000, 6000), 6002, 6007], 'negate_src_ports': False, 'dst_ports': [(1024, 4000), (400, 600), 5555, 17, 42, 11, 1], 'negate_dst_ports': False, 'methods': None, 'negate_methods': False, 'paths': ['/server2/*', '*/update', '/server3/fun'], 'negate_paths': False, 'hosts': ['/canada/*', '/my/funny/cat'], 'negate_hosts': False}, {'src_ports': [(1024, 1048), (2024, 2048), (4000, 5005), 6002, 6007], 'negate_src_ports': False, 'dst_ports': [1, 2, 3, 123, (1024, 4000), (400, 600), 5555, 17, 42], 'negate_dst_ports': False, 'methods': ['GET', 'DELETE', 'PUT'], 'negate_methods': False, 'paths': ['*/fun', '/server/*', '/server1/*'], 'negate_paths': True, 'hosts': ['/canada/*', '/us/newyork/*', '/france/paris/*'], 'negate_hosts': False}]>"
0.0021336000063456595,0.7940104000153951,False,False,"<allow_list=[{'src_ports': None, 'negate_src_ports': False, 'dst_ports': None, 'negate_dst_ports': False, 'methods': ['GET'], 'negate_methods': False, 'paths': None, 'negate_paths': False, 'hosts': None, 'negate_hosts': False}, {'src_ports': [443], 'negate_src_ports': False, 'dst_ports': [443], 'negate_dst_ports': False, 'methods': ['GET'], 'negate_methods': False, 'paths': ['/server/request'], 'negate_paths': False, 'hosts': ['/us/*'], 'negate_hosts': False}, {'src_ports': [(1024, 2048), (4000, 6000)], 'negate_src_ports': False, 'dst_ports': [(1024, 4000), (400, 600), 5555], 'negate_dst_ports': False, 'methods': ['GET', 'PUT'], 'negate_methods': False, 'paths': ['/server2/*', '*/update'], 'negate_paths': True, 'hosts': ['/canada/*', '/us/*', '/my/funny/cat'], 'negate_hosts': False}, {'src_ports': [(0, 13107), (26214, 39321), (52428, 65536)], 'negate_src_ports': False, 'dst_ports': [(0, 21845), (43690, 65536)], 'negate_dst_ports': False, 'methods': None, 'negate_methods': False, 'paths': ['/server2/*', '*/update', '*/request', '/server3/fun', '/server1/not/fun'], 'negate_paths': False, 'hosts': None, 'negate_hosts': False}, {'src_ports': [(1024, 1048), (2024, 2048), (4000, 5005), 6002, 6007], 'negate_src_ports': False, 'dst_ports': [1, 2, 3, 123, (1024, 4000), (400, 600), 5555, 17, 42], 'negate_dst_ports': False, 'methods': ['GET', 'DELETE', 'PUT'], 'negate_methods': False, 'paths': ['*/fun', '/server/*', '/server1/*'], 'negate_paths': True, 'hosts': ['/canada/*', '/us/newyork/*', '/france/paris/*'], 'negate_hosts': False}]; deny_list=[]>"
0.793701599992346,0.18738529999973252,False,False,"<allow_list=[{'src_ports': [(0, 1000), 1234, 4321], 'negate_src_ports': True, 'dst_ports': [(0, 1000), 1234, 4321], 'negate_dst_ports': True, 'methods': None, 'negate_methods': False, 'paths': None, 'negate_paths': False, 'hosts': None, 'negate_hosts': False}, {'src_ports': [443, 444], 'negate_src_ports': False, 'dst_ports': [443, 444], 'negate_dst_ports': False, 'methods': ['GET', 'PUT', 'POST', 'DELETE'], 'negate_methods': False, 'paths': ['/server/request', '/server/update', '/server2/*'], 'negate_paths': False, 'hosts': ['/us/*', '/canada/*'], 'negate_hosts': False}, {'src_ports': [(1024, 2048), (4000, 6000), 6002, 6007], 'negate_src_ports': False, 'dst_ports': [(1024, 4000), (400, 600), 5555, 17, 42], 'negate_dst_ports': True, 'methods': ['GET', 'DELETE'], 'negate_methods': False, 'paths': ['/server2/update', '*/update', '*/request', '/server3/fun'], 'negate_paths': False, 'hosts': ['/canada/*', '/us/*', '/my/funny/cat'], 'negate_hosts': True}, {'src_ports': [11, 111, 1, 22, 2, 222, (1024, 2048), (4000, 6000), 6002, 6007], 'negate_src_ports': False, 'dst_ports': [(1024, 4000), (400, 600), 5555, 17, 42, 11, 1], 'negate_dst_ports': False, 'methods': None, 'negate_methods': False, 'paths': ['/server2/*', '*/update', '/server3/fun'], 'negate_paths': False, 'hosts': ['/canada/*', '/my/funny/cat'], 'negate_hosts': False}, {'src_ports': [(1024, 2048), (4000, 6000), 6002, 6007], 'negate_src_ports': False, 'dst_ports': [(1024, 4000), (400, 600), 5555, 17, 42], 'negate_dst_ports': True, 'methods': ['PUT', 'DELETE', 'CONNECT'], 'negate_methods': False, 'paths': ['*/update', '*/request', '/server3/*'], 'negate_paths': False, 'hosts': ['/my/funny/cat'], 'negate_hosts': False}]; deny_list=[]>"
1.2506434999522753,0.20971879997523502,False,False,"<allow_list=[{'src_ports': None, 'negate_src_ports': False, 'dst_ports': None, 'negate_dst_ports': False, 'methods': ['GET'], 'negate_methods': False, 'paths': None, 'negate_paths': False, 'hosts': None, 'negate_hosts': False}, {'src_ports': [443], 'negate_src_ports': False, 'dst_ports': [443], 'negate_dst_ports': False, 'methods': ['GET'], 'negate_methods': False, 'paths': ['/server/request'], 'negate_paths': False, 'hosts': ['/us/*'], 'negate_hosts': False}, {'src_ports': [(1024, 2048), (4000, 6000)], 'negate_src_ports': False, 'dst_ports': [(1024, 4000), (400, 600), 5555], 'negate_dst_ports': False, 'methods': ['GET', 'PUT'], 'negate_methods': False, 'paths': ['/server2/*', '*/update'], 'negate_paths': True, 'hosts': ['/canada/*', '/us/*', '/my/funny/cat'], 'negate_hosts': False}, {'src_ports': [(0, 13107), (26214, 39321), (52428, 65536)], 'negate_src_ports': False, 'dst_ports': [(0, 21845), (43690, 65536)], 'negate_dst_ports': False, 'methods': None, 'negate_methods': False, 'paths': ['/server2/*', '*/update', '*/request', '/server3/fun', '/server1/not/fun'], 'negate_paths': False, 'hosts': None, 'negate_hosts': False}, {'src_ports': [(1024, 1048), (2024, 2048), (4000, 5005), 6002, 6007], 'negate_src_ports': False, 'dst_ports': [1, 2, 3, 123, (1024, 4000), (400, 600), 5555, 17, 42], 'negate_dst_ports': False, 'methods': ['GET', 'DELETE', 'PUT'], 'negate_methods': False, 'paths': ['*/fun', '/server/*', '/server1/*'], 'negate_paths': True, 'hosts': ['/canada/*', '/us/newyork/*', '/france/paris/*'], 'negate_hosts': False}]; deny_list=[{'src_ports': [(0, 1000), 1234, 4321], 'negate_src_ports': True, 'dst_ports': [(0, 1000), 1234, 4321], 'negate_dst_ports': True, 'methods': None, 'negate_methods': False, 'paths': None, 'negate_paths': False, 'hosts': None, 'negate_hosts': False}, {'src_ports': [443, 444], 'negate_src_ports': False, 'dst_ports': [443, 444], 'negate_dst_ports': False, 'methods': ['GET', 'PUT', 'POST', 'DELETE'], 'negate_methods': False, 'paths': ['/server/request', '/server/update', '/server2/*'], 'negate_paths': False, 'hosts': ['/us/*', '/canada/*'], 'negate_hosts': False}, {'src_ports': [(1024, 2048), (4000, 6000), 6002, 6007], 'negate_src_ports': False, 'dst_ports': [(1024, 4000), (400, 600), 5555, 17, 42], 'negate_dst_ports': True, 'methods': ['GET', 'DELETE'], 'negate_methods': False, 'paths': ['/server2/update', '*/update', '*/request', '/server3/fun'], 'negate_paths': False, 'hosts': ['/canada/*', '/us/*', '/my/funny/cat'], 'negate_hosts': True}, {'src_ports': [11, 111, 1, 22, 2, 222, (1024, 2048), (4000, 6000), 6002, 6007], 'negate_src_ports': False, 'dst_ports': [(1024, 4000), (400, 600), 5555, 17, 42, 11, 1], 'negate_dst_ports': False, 'methods': None, 'negate_methods': False, 'paths': ['/server2/*', '*/update', '/server3/fun'], 'negate_paths': False, 'hosts': ['/canada/*', '/my/funny/cat'], 'negate_hosts': False}, {'src_ports': [(1024, 2048), (4000, 6000), 6002, 6007], 'negate_src_ports': False, 'dst_ports': [(1024, 4000), (400, 600), 5555, 17, 42], 'negate_dst_ports': True, 'methods': ['PUT', 'DELETE', 'CONNECT'], 'negate_methods': False, 'paths': ['*/update', '*/request', '/server3/*'], 'negate_paths': False, 'hosts': ['/my/funny/cat'], 'negate_hosts': False}]>"
0.18707540002651513,0.5257653999724425,False,False,"<allow_list=[{'src_ports': [(0, 1000), 1234, 4321], 'negate_src_ports': True, 'dst_ports': [(0, 1000), 1234, 4321], 'negate_dst_ports': True, 'methods': None, 'negate_methods': False, 'paths': None, 'negate_paths': False, 'hosts': None, 'negate_hosts': False}, {'src_ports': [443, 444], 'negate_src_ports': False, 'dst_ports': [443, 444], 'negate_dst_ports': False, 'methods': ['GET', 'PUT', 'POST', 'DELETE'], 'negate_methods': False, 'paths': ['/server/request', '/server/update', '/server2/*'], 'negate_paths': False, 'hosts': ['/us/*', '/canada/*'], 'negate_hosts': False}, {'src_ports': [(1024, 2048), (4000, 6000), 6002, 6007], 'negate_src_ports': False, 'dst_ports': [(1024, 4000), (400, 600), 5555, 17, 42], 'negate_dst_ports': True, 'methods': ['GET', 'DELETE'], 'negate_methods': False, 'paths': ['/server2/update', '*/update', '*/request', '/server3/fun'], 'negate_paths': False, 'hosts': ['/canada/*', '/us/*', '/my/funny/cat'], 'negate_hosts': True}, {'src_ports': [11, 111, 1, 22, 2, 222, (1024, 2048), (4000, 6000), 6002, 6007], 'negate_src_ports': False, 'dst_ports': [(1024, 4000), (400, 600), 5555, 17, 42, 11, 1], 'negate_dst_ports': False, 'methods': None, 'negate_methods': False, 'paths': ['/server2/*', '*/update', '/server3/fun'], 'negate_paths': False, 'hosts': ['/canada/*', '/my/funny/cat'], 'negate_hosts': False}, {'src_ports': [(1024, 2048), (4000, 6000), 6002, 6007], 'negate_src_ports': False, 'dst_ports': [(1024, 4000), (400, 600), 5555, 17, 42], 'negate_dst_ports': True, 'methods': ['PUT', 'DELETE', 'CONNECT'], 'negate_methods': False, 'paths': ['*/update', '*/request', '/server3/*'], 'negate_paths': False, 'hosts': ['/my/funny/cat'], 'negate_hosts': False}]; deny_list=[{'src_ports': None, 'negate_src_ports': False, 'dst_ports': None, 'negate_dst_ports': False, 'methods': ['GET'], 'negate_methods': False, 'paths': None, 'negate_paths': False, 'hosts': None, 'negate_hosts': False}, {'src_ports': [443], 'negate_src_ports': False, 'dst_ports': [443], 'negate_dst_ports': False, 'methods': ['GET'], 'negate_methods': False, 'paths': ['/server/request'], 'negate_paths': False, 'hosts': ['/us/*'], 'negate_hosts': False}, {'src_ports': [(1024, 2048), (4000, 6000)], 'negate_src_ports': False, 'dst_ports': [(1024, 4000), (400, 600), 5555], 'negate_dst_ports': False, 'methods': ['GET', 'PUT'], 'negate_methods': False, 'paths': ['/server2/*', '*/update'], 'negate_paths': True, 'hosts': ['/canada/*', '/us/*', '/my/funny/cat'], 'negate_hosts': False}, {'src_ports': [(0, 13107), (26214, 39321), (52428, 65536)], 'negate_src_ports': False, 'dst_ports': [(0, 21845), (43690, 65536)], 'negate_dst_ports': False, 'methods': None, 'negate_methods': False, 'paths': ['/server2/*', '*/update', '*/request', '/server3/fun', '/server1/not/fun'], 'negate_paths': False, 'hosts': None, 'negate_hosts': False}, {'src_ports': [(1024, 1048), (2024, 2048), (4000, 5005), 6002, 6007], 'negate_src_ports': False, 'dst_ports': [1, 2, 3, 123, (1024, 4000), (400, 600), 5555, 17, 42], 'negate_dst_ports': False, 'methods': ['GET', 'DELETE', 'PUT'], 'negate_methods': False, 'paths': ['*/fun', '/server/*', '/server1/*'], 'negate_paths': True, 'hosts': ['/canada/*', '/us/newyork/*', '/france/paris/*'], 'negate_hosts': False}]>"
