CanonicalHyperCubeSet time,HyperCubeSetDD time,CanonicalHyperCubeSet outcome,HyperCubeSetDD outcome,description
6.280001252889633e-05,6.0999998822808266e-05,False,False,"<allow_list=[{'src_ports': None, 'negate_src_ports': False, 'dst_ports': None, 'negate_dst_ports': False, 'methods': ['GET'], 'negate_methods': False, 'paths': None, 'negate_paths': False, 'hosts': None, 'negate_hosts': False}]; deny_list=[]>"
6.930000381544232e-05,6.289995508268476e-05,False,False,"<allow_list=[{'src_ports': [(0, 1000), 1234, 4321], 'negate_src_ports': True, 'dst_ports': [(0, 1000), 1234, 4321], 'negate_dst_ports': True, 'methods': None, 'negate_methods': False, 'paths': None, 'negate_paths': False, 'hosts': None, 'negate_hosts': False}]; deny_list=[]>"
0.022978900000452995,9.980000322684646e-05,False,False,"<allow_list=[{'src_ports': [443], 'negate_src_ports': False, 'dst_ports': [443], 'negate_dst_ports': False, 'methods': ['GET'], 'negate_methods': False, 'paths': ['/server/request'], 'negate_paths': False, 'hosts': ['/us/*'], 'negate_hosts': False}]; deny_list=[]>"
0.09115849999943748,0.00011680001625791192,False,False,"<allow_list=[{'src_ports': [443, 444], 'negate_src_ports': False, 'dst_ports': [443, 444], 'negate_dst_ports': False, 'methods': ['GET', 'PUT', 'POST', 'DELETE'], 'negate_methods': False, 'paths': ['/server/request', '/server/update', '/server2/*'], 'negate_paths': False, 'hosts': ['/us/*', '/canada/*'], 'negate_hosts': False}]; deny_list=[]>"
0.1325957000372,0.00010869995458051562,False,False,"<allow_list=[{'src_ports': [(1024, 2048), (4000, 6000)], 'negate_src_ports': False, 'dst_ports': [(1024, 4000), (400, 600), 5555], 'negate_dst_ports': False, 'methods': ['GET', 'PUT'], 'negate_methods': False, 'paths': ['/server2/*', '*/update'], 'negate_paths': True, 'hosts': ['/canada/*', '/us/*', '/my/funny/cat'], 'negate_hosts': False}]; deny_list=[]>"
0.18601940001826733,0.00022250000620260835,False,False,"<allow_list=[{'src_ports': [(1024, 2048), (4000, 6000), 6002, 6007], 'negate_src_ports': False, 'dst_ports': [(1024, 4000), (400, 600), 5555, 17, 42], 'negate_dst_ports': True, 'methods': ['GET', 'DELETE'], 'negate_methods': False, 'paths': ['/server2/update', '*/update', '*/request', '/server3/fun'], 'negate_paths': False, 'hosts': ['/canada/*', '/us/*', '/my/funny/cat'], 'negate_hosts': True}]; deny_list=[]>"
0.1487980000092648,0.00016009999671950936,False,False,"<allow_list=[{'src_ports': [(0, 13107), (26214, 39321), (52428, 65536)], 'negate_src_ports': False, 'dst_ports': [(0, 21845), (43690, 65536)], 'negate_dst_ports': False, 'methods': None, 'negate_methods': False, 'paths': ['/server2/*', '*/update', '*/request', '/server3/fun', '/server1/not/fun'], 'negate_paths': False, 'hosts': None, 'negate_hosts': False}]; deny_list=[]>"
0.03290220000781119,0.00018590001855045557,False,False,"<allow_list=[{'src_ports': [11, 111, 1, 22, 2, 222, (1024, 2048), (4000, 6000), 6002, 6007], 'negate_src_ports': False, 'dst_ports': [(1024, 4000), (400, 600), 5555, 17, 42, 11, 1], 'negate_dst_ports': False, 'methods': None, 'negate_methods': False, 'paths': ['/server2/*', '*/update', '/server3/fun'], 'negate_paths': False, 'hosts': ['/canada/*', '/my/funny/cat'], 'negate_hosts': False}]; deny_list=[]>"
0.2987907000351697,0.00014269998064264655,False,False,"<allow_list=[{'src_ports': [(1024, 1048), (2024, 2048), (4000, 5005), 6002, 6007], 'negate_src_ports': False, 'dst_ports': [1, 2, 3, 123, (1024, 4000), (400, 600), 5555, 17, 42], 'negate_dst_ports': False, 'methods': ['GET', 'DELETE', 'PUT'], 'negate_methods': False, 'paths': ['*/fun', '/server/*', '/server1/*'], 'negate_paths': True, 'hosts': ['/canada/*', '/us/newyork/*', '/france/paris/*'], 'negate_hosts': False}]; deny_list=[]>"
0.12015920004341751,0.00021819997346028686,False,False,"<allow_list=[{'src_ports': [(1024, 2048), (4000, 6000), 6002, 6007], 'negate_src_ports': False, 'dst_ports': [(1024, 4000), (400, 600), 5555, 17, 42], 'negate_dst_ports': True, 'methods': ['PUT', 'DELETE', 'CONNECT'], 'negate_methods': False, 'paths': ['*/update', '*/request', '/server3/*'], 'negate_paths': False, 'hosts': ['/my/funny/cat'], 'negate_hosts': False}]; deny_list=[]>"
0.0002148000057786703,0.00010559998918324709,False,False,"<allow_list=[{'src_ports': None, 'negate_src_ports': False, 'dst_ports': None, 'negate_dst_ports': False, 'methods': ['GET'], 'negate_methods': False, 'paths': None, 'negate_paths': False, 'hosts': None, 'negate_hosts': False}, {'src_ports': [(0, 1000), 1234, 4321], 'negate_src_ports': True, 'dst_ports': [(0, 1000), 1234, 4321], 'negate_dst_ports': True, 'methods': None, 'negate_methods': False, 'paths': None, 'negate_paths': False, 'hosts': None, 'negate_hosts': False}]; deny_list=[]>"
0.05540459998883307,0.00024590000975877047,False,False,"<allow_list=[{'src_ports': None, 'negate_src_ports': False, 'dst_ports': None, 'negate_dst_ports': False, 'methods': ['GET'], 'negate_methods': False, 'paths': None, 'negate_paths': False, 'hosts': None, 'negate_hosts': False}, {'src_ports': [(0, 1000), 1234, 4321], 'negate_src_ports': True, 'dst_ports': [(0, 1000), 1234, 4321], 'negate_dst_ports': True, 'methods': None, 'negate_methods': False, 'paths': None, 'negate_paths': False, 'hosts': None, 'negate_hosts': False}, {'src_ports': [443], 'negate_src_ports': False, 'dst_ports': [443], 'negate_dst_ports': False, 'methods': ['GET'], 'negate_methods': False, 'paths': ['/server/request'], 'negate_paths': False, 'hosts': ['/us/*'], 'negate_hosts': False}]; deny_list=[]>"
0.1542030000127852,0.0004040999920107424,False,False,"<allow_list=[{'src_ports': None, 'negate_src_ports': False, 'dst_ports': None, 'negate_dst_ports': False, 'methods': ['GET'], 'negate_methods': False, 'paths': None, 'negate_paths': False, 'hosts': None, 'negate_hosts': False}, {'src_ports': [(0, 1000), 1234, 4321], 'negate_src_ports': True, 'dst_ports': [(0, 1000), 1234, 4321], 'negate_dst_ports': True, 'methods': None, 'negate_methods': False, 'paths': None, 'negate_paths': False, 'hosts': None, 'negate_hosts': False}, {'src_ports': [443], 'negate_src_ports': False, 'dst_ports': [443], 'negate_dst_ports': False, 'methods': ['GET'], 'negate_methods': False, 'paths': ['/server/request'], 'negate_paths': False, 'hosts': ['/us/*'], 'negate_hosts': False}, {'src_ports': [443, 444], 'negate_src_ports': False, 'dst_ports': [443, 444], 'negate_dst_ports': False, 'methods': ['GET', 'PUT', 'POST', 'DELETE'], 'negate_methods': False, 'paths': ['/server/request', '/server/update', '/server2/*'], 'negate_paths': False, 'hosts': ['/us/*', '/canada/*'], 'negate_hosts': False}]; deny_list=[]>"
0.026637000031769276,0.0006454999675042927,False,False,"<allow_list=[{'src_ports': None, 'negate_src_ports': False, 'dst_ports': None, 'negate_dst_ports': False, 'methods': ['GET'], 'negate_methods': False, 'paths': None, 'negate_paths': False, 'hosts': None, 'negate_hosts': False}, {'src_ports': [(0, 1000), 1234, 4321], 'negate_src_ports': True, 'dst_ports': [(0, 1000), 1234, 4321], 'negate_dst_ports': True, 'methods': None, 'negate_methods': False, 'paths': None, 'negate_paths': False, 'hosts': None, 'negate_hosts': False}, {'src_ports': [443], 'negate_src_ports': False, 'dst_ports': [443], 'negate_dst_ports': False, 'methods': ['GET'], 'negate_methods': False, 'paths': ['/server/request'], 'negate_paths': False, 'hosts': ['/us/*'], 'negate_hosts': False}, {'src_ports': [443, 444], 'negate_src_ports': False, 'dst_ports': [443, 444], 'negate_dst_ports': False, 'methods': ['GET', 'PUT', 'POST', 'DELETE'], 'negate_methods': False, 'paths': ['/server/request', '/server/update', '/server2/*'], 'negate_paths': False, 'hosts': ['/us/*', '/canada/*'], 'negate_hosts': False}, {'src_ports': [(1024, 2048), (4000, 6000)], 'negate_src_ports': False, 'dst_ports': [(1024, 4000), (400, 600), 5555], 'negate_dst_ports': False, 'methods': ['GET', 'PUT'], 'negate_methods': False, 'paths': ['/server2/*', '*/update'], 'negate_paths': True, 'hosts': ['/canada/*', '/us/*', '/my/funny/cat'], 'negate_hosts': False}]; deny_list=[]>"
0.32532519998494536,0.0011747999815270305,False,False,"<allow_list=[{'src_ports': None, 'negate_src_ports': False, 'dst_ports': None, 'negate_dst_ports': False, 'methods': ['GET'], 'negate_methods': False, 'paths': None, 'negate_paths': False, 'hosts': None, 'negate_hosts': False}, {'src_ports': [(0, 1000), 1234, 4321], 'negate_src_ports': True, 'dst_ports': [(0, 1000), 1234, 4321], 'negate_dst_ports': True, 'methods': None, 'negate_methods': False, 'paths': None, 'negate_paths': False, 'hosts': None, 'negate_hosts': False}, {'src_ports': [443], 'negate_src_ports': False, 'dst_ports': [443], 'negate_dst_ports': False, 'methods': ['GET'], 'negate_methods': False, 'paths': ['/server/request'], 'negate_paths': False, 'hosts': ['/us/*'], 'negate_hosts': False}, {'src_ports': [443, 444], 'negate_src_ports': False, 'dst_ports': [443, 444], 'negate_dst_ports': False, 'methods': ['GET', 'PUT', 'POST', 'DELETE'], 'negate_methods': False, 'paths': ['/server/request', '/server/update', '/server2/*'], 'negate_paths': False, 'hosts': ['/us/*', '/canada/*'], 'negate_hosts': False}, {'src_ports': [(1024, 2048), (4000, 6000)], 'negate_src_ports': False, 'dst_ports': [(1024, 4000), (400, 600), 5555], 'negate_dst_ports': False, 'methods': ['GET', 'PUT'], 'negate_methods': False, 'paths': ['/server2/*', '*/update'], 'negate_paths': True, 'hosts': ['/canada/*', '/us/*', '/my/funny/cat'], 'negate_hosts': False}, {'src_ports': [(1024, 2048), (4000, 6000), 6002, 6007], 'negate_src_ports': False, 'dst_ports': [(1024, 4000), (400, 600), 5555, 17, 42], 'negate_dst_ports': True, 'methods': ['GET', 'DELETE'], 'negate_methods': False, 'paths': ['/server2/update', '*/update', '*/request', '/server3/fun'], 'negate_paths': False, 'hosts': ['/canada/*', '/us/*', '/my/funny/cat'], 'negate_hosts': True}]; deny_list=[]>"
1.473579499986954,0.3660842999815941,False,False,"<allow_list=[{'src_ports': None, 'negate_src_ports': False, 'dst_ports': None, 'negate_dst_ports': False, 'methods': ['GET'], 'negate_methods': False, 'paths': None, 'negate_paths': False, 'hosts': None, 'negate_hosts': False}, {'src_ports': [(0, 1000), 1234, 4321], 'negate_src_ports': True, 'dst_ports': [(0, 1000), 1234, 4321], 'negate_dst_ports': True, 'methods': None, 'negate_methods': False, 'paths': None, 'negate_paths': False, 'hosts': None, 'negate_hosts': False}, {'src_ports': [443], 'negate_src_ports': False, 'dst_ports': [443], 'negate_dst_ports': False, 'methods': ['GET'], 'negate_methods': False, 'paths': ['/server/request'], 'negate_paths': False, 'hosts': ['/us/*'], 'negate_hosts': False}, {'src_ports': [443, 444], 'negate_src_ports': False, 'dst_ports': [443, 444], 'negate_dst_ports': False, 'methods': ['GET', 'PUT', 'POST', 'DELETE'], 'negate_methods': False, 'paths': ['/server/request', '/server/update', '/server2/*'], 'negate_paths': False, 'hosts': ['/us/*', '/canada/*'], 'negate_hosts': False}, {'src_ports': [(1024, 2048), (4000, 6000)], 'negate_src_ports': False, 'dst_ports': [(1024, 4000), (400, 600), 5555], 'negate_dst_ports': False, 'methods': ['GET', 'PUT'], 'negate_methods': False, 'paths': ['/server2/*', '*/update'], 'negate_paths': True, 'hosts': ['/canada/*', '/us/*', '/my/funny/cat'], 'negate_hosts': False}, {'src_ports': [(1024, 2048), (4000, 6000), 6002, 6007], 'negate_src_ports': False, 'dst_ports': [(1024, 4000), (400, 600), 5555, 17, 42], 'negate_dst_ports': True, 'methods': ['GET', 'DELETE'], 'negate_methods': False, 'paths': ['/server2/update', '*/update', '*/request', '/server3/fun'], 'negate_paths': False, 'hosts': ['/canada/*', '/us/*', '/my/funny/cat'], 'negate_hosts': True}, {'src_ports': [(0, 13107), (26214, 39321), (52428, 65536)], 'negate_src_ports': False, 'dst_ports': [(0, 21845), (43690, 65536)], 'negate_dst_ports': False, 'methods': None, 'negate_methods': False, 'paths': ['/server2/*', '*/update', '*/request', '/server3/fun', '/server1/not/fun'], 'negate_paths': False, 'hosts': None, 'negate_hosts': False}]; deny_list=[]>"
0.4273203000193462,0.3570105000399053,False,False,"<allow_list=[{'src_ports': None, 'negate_src_ports': False, 'dst_ports': None, 'negate_dst_ports': False, 'methods': ['GET'], 'negate_methods': False, 'paths': None, 'negate_paths': False, 'hosts': None, 'negate_hosts': False}, {'src_ports': [(0, 1000), 1234, 4321], 'negate_src_ports': True, 'dst_ports': [(0, 1000), 1234, 4321], 'negate_dst_ports': True, 'methods': None, 'negate_methods': False, 'paths': None, 'negate_paths': False, 'hosts': None, 'negate_hosts': False}, {'src_ports': [443], 'negate_src_ports': False, 'dst_ports': [443], 'negate_dst_ports': False, 'methods': ['GET'], 'negate_methods': False, 'paths': ['/server/request'], 'negate_paths': False, 'hosts': ['/us/*'], 'negate_hosts': False}, {'src_ports': [443, 444], 'negate_src_ports': False, 'dst_ports': [443, 444], 'negate_dst_ports': False, 'methods': ['GET', 'PUT', 'POST', 'DELETE'], 'negate_methods': False, 'paths': ['/server/request', '/server/update', '/server2/*'], 'negate_paths': False, 'hosts': ['/us/*', '/canada/*'], 'negate_hosts': False}, {'src_ports': [(1024, 2048), (4000, 6000)], 'negate_src_ports': False, 'dst_ports': [(1024, 4000), (400, 600), 5555], 'negate_dst_ports': False, 'methods': ['GET', 'PUT'], 'negate_methods': False, 'paths': ['/server2/*', '*/update'], 'negate_paths': True, 'hosts': ['/canada/*', '/us/*', '/my/funny/cat'], 'negate_hosts': False}, {'src_ports': [(1024, 2048), (4000, 6000), 6002, 6007], 'negate_src_ports': False, 'dst_ports': [(1024, 4000), (400, 600), 5555, 17, 42], 'negate_dst_ports': True, 'methods': ['GET', 'DELETE'], 'negate_methods': False, 'paths': ['/server2/update', '*/update', '*/request', '/server3/fun'], 'negate_paths': False, 'hosts': ['/canada/*', '/us/*', '/my/funny/cat'], 'negate_hosts': True}, {'src_ports': [(0, 13107), (26214, 39321), (52428, 65536)], 'negate_src_ports': False, 'dst_ports': [(0, 21845), (43690, 65536)], 'negate_dst_ports': False, 'methods': None, 'negate_methods': False, 'paths': ['/server2/*', '*/update', '*/request', '/server3/fun', '/server1/not/fun'], 'negate_paths': False, 'hosts': None, 'negate_hosts': False}, {'src_ports': [11, 111, 1, 22, 2, 222, (1024, 2048), (4000, 6000), 6002, 6007], 'negate_src_ports': False, 'dst_ports': [(1024, 4000), (400, 600), 5555, 17, 42, 11, 1], 'negate_dst_ports': False, 'methods': None, 'negate_methods': False, 'paths': ['/server2/*', '*/update', '/server3/fun'], 'negate_paths': False, 'hosts': ['/canada/*', '/my/funny/cat'], 'negate_hosts': False}]; deny_list=[]>"
2.0638365000486374,1.1912195999757387,False,False,"<allow_list=[{'src_ports': None, 'negate_src_ports': False, 'dst_ports': None, 'negate_dst_ports': False, 'methods': ['GET'], 'negate_methods': False, 'paths': None, 'negate_paths': False, 'hosts': None, 'negate_hosts': False}, {'src_ports': [(0, 1000), 1234, 4321], 'negate_src_ports': True, 'dst_ports': [(0, 1000), 1234, 4321], 'negate_dst_ports': True, 'methods': None, 'negate_methods': False, 'paths': None, 'negate_paths': False, 'hosts': None, 'negate_hosts': False}, {'src_ports': [443], 'negate_src_ports': False, 'dst_ports': [443], 'negate_dst_ports': False, 'methods': ['GET'], 'negate_methods': False, 'paths': ['/server/request'], 'negate_paths': False, 'hosts': ['/us/*'], 'negate_hosts': False}, {'src_ports': [443, 444], 'negate_src_ports': False, 'dst_ports': [443, 444], 'negate_dst_ports': False, 'methods': ['GET', 'PUT', 'POST', 'DELETE'], 'negate_methods': False, 'paths': ['/server/request', '/server/update', '/server2/*'], 'negate_paths': False, 'hosts': ['/us/*', '/canada/*'], 'negate_hosts': False}, {'src_ports': [(1024, 2048), (4000, 6000)], 'negate_src_ports': False, 'dst_ports': [(1024, 4000), (400, 600), 5555], 'negate_dst_ports': False, 'methods': ['GET', 'PUT'], 'negate_methods': False, 'paths': ['/server2/*', '*/update'], 'negate_paths': True, 'hosts': ['/canada/*', '/us/*', '/my/funny/cat'], 'negate_hosts': False}, {'src_ports': [(1024, 2048), (4000, 6000), 6002, 6007], 'negate_src_ports': False, 'dst_ports': [(1024, 4000), (400, 600), 5555, 17, 42], 'negate_dst_ports': True, 'methods': ['GET', 'DELETE'], 'negate_methods': False, 'paths': ['/server2/update', '*/update', '*/request', '/server3/fun'], 'negate_paths': False, 'hosts': ['/canada/*', '/us/*', '/my/funny/cat'], 'negate_hosts': True}, {'src_ports': [(0, 13107), (26214, 39321), (52428, 65536)], 'negate_src_ports': False, 'dst_ports': [(0, 21845), (43690, 65536)], 'negate_dst_ports': False, 'methods': None, 'negate_methods': False, 'paths': ['/server2/*', '*/update', '*/request', '/server3/fun', '/server1/not/fun'], 'negate_paths': False, 'hosts': None, 'negate_hosts': False}, {'src_ports': [11, 111, 1, 22, 2, 222, (1024, 2048), (4000, 6000), 6002, 6007], 'negate_src_ports': False, 'dst_ports': [(1024, 4000), (400, 600), 5555, 17, 42, 11, 1], 'negate_dst_ports': False, 'methods': None, 'negate_methods': False, 'paths': ['/server2/*', '*/update', '/server3/fun'], 'negate_paths': False, 'hosts': ['/canada/*', '/my/funny/cat'], 'negate_hosts': False}, {'src_ports': [(1024, 1048), (2024, 2048), (4000, 5005), 6002, 6007], 'negate_src_ports': False, 'dst_ports': [1, 2, 3, 123, (1024, 4000), (400, 600), 5555, 17, 42], 'negate_dst_ports': False, 'methods': ['GET', 'DELETE', 'PUT'], 'negate_methods': False, 'paths': ['*/fun', '/server/*', '/server1/*'], 'negate_paths': True, 'hosts': ['/canada/*', '/us/newyork/*', '/france/paris/*'], 'negate_hosts': False}]; deny_list=[]>"
0.9390148000093177,1.2646983999875374,False,False,"<allow_list=[{'src_ports': None, 'negate_src_ports': False, 'dst_ports': None, 'negate_dst_ports': False, 'methods': ['GET'], 'negate_methods': False, 'paths': None, 'negate_paths': False, 'hosts': None, 'negate_hosts': False}, {'src_ports': [(0, 1000), 1234, 4321], 'negate_src_ports': True, 'dst_ports': [(0, 1000), 1234, 4321], 'negate_dst_ports': True, 'methods': None, 'negate_methods': False, 'paths': None, 'negate_paths': False, 'hosts': None, 'negate_hosts': False}, {'src_ports': [443], 'negate_src_ports': False, 'dst_ports': [443], 'negate_dst_ports': False, 'methods': ['GET'], 'negate_methods': False, 'paths': ['/server/request'], 'negate_paths': False, 'hosts': ['/us/*'], 'negate_hosts': False}, {'src_ports': [443, 444], 'negate_src_ports': False, 'dst_ports': [443, 444], 'negate_dst_ports': False, 'methods': ['GET', 'PUT', 'POST', 'DELETE'], 'negate_methods': False, 'paths': ['/server/request', '/server/update', '/server2/*'], 'negate_paths': False, 'hosts': ['/us/*', '/canada/*'], 'negate_hosts': False}, {'src_ports': [(1024, 2048), (4000, 6000)], 'negate_src_ports': False, 'dst_ports': [(1024, 4000), (400, 600), 5555], 'negate_dst_ports': False, 'methods': ['GET', 'PUT'], 'negate_methods': False, 'paths': ['/server2/*', '*/update'], 'negate_paths': True, 'hosts': ['/canada/*', '/us/*', '/my/funny/cat'], 'negate_hosts': False}, {'src_ports': [(1024, 2048), (4000, 6000), 6002, 6007], 'negate_src_ports': False, 'dst_ports': [(1024, 4000), (400, 600), 5555, 17, 42], 'negate_dst_ports': True, 'methods': ['GET', 'DELETE'], 'negate_methods': False, 'paths': ['/server2/update', '*/update', '*/request', '/server3/fun'], 'negate_paths': False, 'hosts': ['/canada/*', '/us/*', '/my/funny/cat'], 'negate_hosts': True}, {'src_ports': [(0, 13107), (26214, 39321), (52428, 65536)], 'negate_src_ports': False, 'dst_ports': [(0, 21845), (43690, 65536)], 'negate_dst_ports': False, 'methods': None, 'negate_methods': False, 'paths': ['/server2/*', '*/update', '*/request', '/server3/fun', '/server1/not/fun'], 'negate_paths': False, 'hosts': None, 'negate_hosts': False}, {'src_ports': [11, 111, 1, 22, 2, 222, (1024, 2048), (4000, 6000), 6002, 6007], 'negate_src_ports': False, 'dst_ports': [(1024, 4000), (400, 600), 5555, 17, 42, 11, 1], 'negate_dst_ports': False, 'methods': None, 'negate_methods': False, 'paths': ['/server2/*', '*/update', '/server3/fun'], 'negate_paths': False, 'hosts': ['/canada/*', '/my/funny/cat'], 'negate_hosts': False}, {'src_ports': [(1024, 1048), (2024, 2048), (4000, 5005), 6002, 6007], 'negate_src_ports': False, 'dst_ports': [1, 2, 3, 123, (1024, 4000), (400, 600), 5555, 17, 42], 'negate_dst_ports': False, 'methods': ['GET', 'DELETE', 'PUT'], 'negate_methods': False, 'paths': ['*/fun', '/server/*', '/server1/*'], 'negate_paths': True, 'hosts': ['/canada/*', '/us/newyork/*', '/france/paris/*'], 'negate_hosts': False}, {'src_ports': [(1024, 2048), (4000, 6000), 6002, 6007], 'negate_src_ports': False, 'dst_ports': [(1024, 4000), (400, 600), 5555, 17, 42], 'negate_dst_ports': True, 'methods': ['PUT', 'DELETE', 'CONNECT'], 'negate_methods': False, 'paths': ['*/update', '*/request', '/server3/*'], 'negate_paths': False, 'hosts': ['/my/funny/cat'], 'negate_hosts': False}]; deny_list=[]>"
1.8552325000055134,1.450462399981916,False,False,"<allow_list=[{'src_ports': None, 'negate_src_ports': False, 'dst_ports': None, 'negate_dst_ports': False, 'methods': ['GET'], 'negate_methods': False, 'paths': None, 'negate_paths': False, 'hosts': None, 'negate_hosts': False}]; deny_list=[{'src_ports': [(0, 1000), 1234, 4321], 'negate_src_ports': True, 'dst_ports': [(0, 1000), 1234, 4321], 'negate_dst_ports': True, 'methods': None, 'negate_methods': False, 'paths': None, 'negate_paths': False, 'hosts': None, 'negate_hosts': False}, {'src_ports': [443], 'negate_src_ports': False, 'dst_ports': [443], 'negate_dst_ports': False, 'methods': ['GET'], 'negate_methods': False, 'paths': ['/server/request'], 'negate_paths': False, 'hosts': ['/us/*'], 'negate_hosts': False}, {'src_ports': [443, 444], 'negate_src_ports': False, 'dst_ports': [443, 444], 'negate_dst_ports': False, 'methods': ['GET', 'PUT', 'POST', 'DELETE'], 'negate_methods': False, 'paths': ['/server/request', '/server/update', '/server2/*'], 'negate_paths': False, 'hosts': ['/us/*', '/canada/*'], 'negate_hosts': False}, {'src_ports': [(1024, 2048), (4000, 6000)], 'negate_src_ports': False, 'dst_ports': [(1024, 4000), (400, 600), 5555], 'negate_dst_ports': False, 'methods': ['GET', 'PUT'], 'negate_methods': False, 'paths': ['/server2/*', '*/update'], 'negate_paths': True, 'hosts': ['/canada/*', '/us/*', '/my/funny/cat'], 'negate_hosts': False}, {'src_ports': [(1024, 2048), (4000, 6000), 6002, 6007], 'negate_src_ports': False, 'dst_ports': [(1024, 4000), (400, 600), 5555, 17, 42], 'negate_dst_ports': True, 'methods': ['GET', 'DELETE'], 'negate_methods': False, 'paths': ['/server2/update', '*/update', '*/request', '/server3/fun'], 'negate_paths': False, 'hosts': ['/canada/*', '/us/*', '/my/funny/cat'], 'negate_hosts': True}, {'src_ports': [(0, 13107), (26214, 39321), (52428, 65536)], 'negate_src_ports': False, 'dst_ports': [(0, 21845), (43690, 65536)], 'negate_dst_ports': False, 'methods': None, 'negate_methods': False, 'paths': ['/server2/*', '*/update', '*/request', '/server3/fun', '/server1/not/fun'], 'negate_paths': False, 'hosts': None, 'negate_hosts': False}, {'src_ports': [11, 111, 1, 22, 2, 222, (1024, 2048), (4000, 6000), 6002, 6007], 'negate_src_ports': False, 'dst_ports': [(1024, 4000), (400, 600), 5555, 17, 42, 11, 1], 'negate_dst_ports': False, 'methods': None, 'negate_methods': False, 'paths': ['/server2/*', '*/update', '/server3/fun'], 'negate_paths': False, 'hosts': ['/canada/*', '/my/funny/cat'], 'negate_hosts': False}, {'src_ports': [(1024, 1048), (2024, 2048), (4000, 5005), 6002, 6007], 'negate_src_ports': False, 'dst_ports': [1, 2, 3, 123, (1024, 4000), (400, 600), 5555, 17, 42], 'negate_dst_ports': False, 'methods': ['GET', 'DELETE', 'PUT'], 'negate_methods': False, 'paths': ['*/fun', '/server/*', '/server1/*'], 'negate_paths': True, 'hosts': ['/canada/*', '/us/newyork/*', '/france/paris/*'], 'negate_hosts': False}, {'src_ports': [(1024, 2048), (4000, 6000), 6002, 6007], 'negate_src_ports': False, 'dst_ports': [(1024, 4000), (400, 600), 5555, 17, 42], 'negate_dst_ports': True, 'methods': ['PUT', 'DELETE', 'CONNECT'], 'negate_methods': False, 'paths': ['*/update', '*/request', '/server3/*'], 'negate_paths': False, 'hosts': ['/my/funny/cat'], 'negate_hosts': False}]>"
0.9279791999724694,0.6456376000423916,False,False,"<allow_list=[{'src_ports': None, 'negate_src_ports': False, 'dst_ports': None, 'negate_dst_ports': False, 'methods': ['GET'], 'negate_methods': False, 'paths': None, 'negate_paths': False, 'hosts': None, 'negate_hosts': False}, {'src_ports': [(0, 1000), 1234, 4321], 'negate_src_ports': True, 'dst_ports': [(0, 1000), 1234, 4321], 'negate_dst_ports': True, 'methods': None, 'negate_methods': False, 'paths': None, 'negate_paths': False, 'hosts': None, 'negate_hosts': False}]; deny_list=[{'src_ports': [443], 'negate_src_ports': False, 'dst_ports': [443], 'negate_dst_ports': False, 'methods': ['GET'], 'negate_methods': False, 'paths': ['/server/request'], 'negate_paths': False, 'hosts': ['/us/*'], 'negate_hosts': False}, {'src_ports': [443, 444], 'negate_src_ports': False, 'dst_ports': [443, 444], 'negate_dst_ports': False, 'methods': ['GET', 'PUT', 'POST', 'DELETE'], 'negate_methods': False, 'paths': ['/server/request', '/server/update', '/server2/*'], 'negate_paths': False, 'hosts': ['/us/*', '/canada/*'], 'negate_hosts': False}, {'src_ports': [(1024, 2048), (4000, 6000)], 'negate_src_ports': False, 'dst_ports': [(1024, 4000), (400, 600), 5555], 'negate_dst_ports': False, 'methods': ['GET', 'PUT'], 'negate_methods': False, 'paths': ['/server2/*', '*/update'], 'negate_paths': True, 'hosts': ['/canada/*', '/us/*', '/my/funny/cat'], 'negate_hosts': False}, {'src_ports': [(1024, 2048), (4000, 6000), 6002, 6007], 'negate_src_ports': False, 'dst_ports': [(1024, 4000), (400, 600), 5555, 17, 42], 'negate_dst_ports': True, 'methods': ['GET', 'DELETE'], 'negate_methods': False, 'paths': ['/server2/update', '*/update', '*/request', '/server3/fun'], 'negate_paths': False, 'hosts': ['/canada/*', '/us/*', '/my/funny/cat'], 'negate_hosts': True}, {'src_ports': [(0, 13107), (26214, 39321), (52428, 65536)], 'negate_src_ports': False, 'dst_ports': [(0, 21845), (43690, 65536)], 'negate_dst_ports': False, 'methods': None, 'negate_methods': False, 'paths': ['/server2/*', '*/update', '*/request', '/server3/fun', '/server1/not/fun'], 'negate_paths': False, 'hosts': None, 'negate_hosts': False}, {'src_ports': [11, 111, 1, 22, 2, 222, (1024, 2048), (4000, 6000), 6002, 6007], 'negate_src_ports': False, 'dst_ports': [(1024, 4000), (400, 600), 5555, 17, 42, 11, 1], 'negate_dst_ports': False, 'methods': None, 'negate_methods': False, 'paths': ['/server2/*', '*/update', '/server3/fun'], 'negate_paths': False, 'hosts': ['/canada/*', '/my/funny/cat'], 'negate_hosts': False}, {'src_ports': [(1024, 1048), (2024, 2048), (4000, 5005), 6002, 6007], 'negate_src_ports': False, 'dst_ports': [1, 2, 3, 123, (1024, 4000), (400, 600), 5555, 17, 42], 'negate_dst_ports': False, 'methods': ['GET', 'DELETE', 'PUT'], 'negate_methods': False, 'paths': ['*/fun', '/server/*', '/server1/*'], 'negate_paths': True, 'hosts': ['/canada/*', '/us/newyork/*', '/france/paris/*'], 'negate_hosts': False}, {'src_ports': [(1024, 2048), (4000, 6000), 6002, 6007], 'negate_src_ports': False, 'dst_ports': [(1024, 4000), (400, 600), 5555, 17, 42], 'negate_dst_ports': True, 'methods': ['PUT', 'DELETE', 'CONNECT'], 'negate_methods': False, 'paths': ['*/update', '*/request', '/server3/*'], 'negate_paths': False, 'hosts': ['/my/funny/cat'], 'negate_hosts': False}]>"
0.01915859995642677,0.005030500004068017,False,False,"<allow_list=[{'src_ports': None, 'negate_src_ports': False, 'dst_ports': None, 'negate_dst_ports': False, 'methods': ['GET'], 'negate_methods': False, 'paths': None, 'negate_paths': False, 'hosts': None, 'negate_hosts': False}, {'src_ports': [(0, 1000), 1234, 4321], 'negate_src_ports': True, 'dst_ports': [(0, 1000), 1234, 4321], 'negate_dst_ports': True, 'methods': None, 'negate_methods': False, 'paths': None, 'negate_paths': False, 'hosts': None, 'negate_hosts': False}, {'src_ports': [443], 'negate_src_ports': False, 'dst_ports': [443], 'negate_dst_ports': False, 'methods': ['GET'], 'negate_methods': False, 'paths': ['/server/request'], 'negate_paths': False, 'hosts': ['/us/*'], 'negate_hosts': False}]; deny_list=[{'src_ports': [443, 444], 'negate_src_ports': False, 'dst_ports': [443, 444], 'negate_dst_ports': False, 'methods': ['GET', 'PUT', 'POST', 'DELETE'], 'negate_methods': False, 'paths': ['/server/request', '/server/update', '/server2/*'], 'negate_paths': False, 'hosts': ['/us/*', '/canada/*'], 'negate_hosts': False}, {'src_ports': [(1024, 2048), (4000, 6000)], 'negate_src_ports': False, 'dst_ports': [(1024, 4000), (400, 600), 5555], 'negate_dst_ports': False, 'methods': ['GET', 'PUT'], 'negate_methods': False, 'paths': ['/server2/*', '*/update'], 'negate_paths': True, 'hosts': ['/canada/*', '/us/*', '/my/funny/cat'], 'negate_hosts': False}, {'src_ports': [(1024, 2048), (4000, 6000), 6002, 6007], 'negate_src_ports': False, 'dst_ports': [(1024, 4000), (400, 600), 5555, 17, 42], 'negate_dst_ports': True, 'methods': ['GET', 'DELETE'], 'negate_methods': False, 'paths': ['/server2/update', '*/update', '*/request', '/server3/fun'], 'negate_paths': False, 'hosts': ['/canada/*', '/us/*', '/my/funny/cat'], 'negate_hosts': True}, {'src_ports': [(0, 13107), (26214, 39321), (52428, 65536)], 'negate_src_ports': False, 'dst_ports': [(0, 21845), (43690, 65536)], 'negate_dst_ports': False, 'methods': None, 'negate_methods': False, 'paths': ['/server2/*', '*/update', '*/request', '/server3/fun', '/server1/not/fun'], 'negate_paths': False, 'hosts': None, 'negate_hosts': False}, {'src_ports': [11, 111, 1, 22, 2, 222, (1024, 2048), (4000, 6000), 6002, 6007], 'negate_src_ports': False, 'dst_ports': [(1024, 4000), (400, 600), 5555, 17, 42, 11, 1], 'negate_dst_ports': False, 'methods': None, 'negate_methods': False, 'paths': ['/server2/*', '*/update', '/server3/fun'], 'negate_paths': False, 'hosts': ['/canada/*', '/my/funny/cat'], 'negate_hosts': False}, {'src_ports': [(1024, 1048), (2024, 2048), (4000, 5005), 6002, 6007], 'negate_src_ports': False, 'dst_ports': [1, 2, 3, 123, (1024, 4000), (400, 600), 5555, 17, 42], 'negate_dst_ports': False, 'methods': ['GET', 'DELETE', 'PUT'], 'negate_methods': False, 'paths': ['*/fun', '/server/*', '/server1/*'], 'negate_paths': True, 'hosts': ['/canada/*', '/us/newyork/*', '/france/paris/*'], 'negate_hosts': False}, {'src_ports': [(1024, 2048), (4000, 6000), 6002, 6007], 'negate_src_ports': False, 'dst_ports': [(1024, 4000), (400, 600), 5555, 17, 42], 'negate_dst_ports': True, 'methods': ['PUT', 'DELETE', 'CONNECT'], 'negate_methods': False, 'paths': ['*/update', '*/request', '/server3/*'], 'negate_paths': False, 'hosts': ['/my/funny/cat'], 'negate_hosts': False}]>"
0.018938700028229505,0.005052099993918091,False,False,"<allow_list=[{'src_ports': None, 'negate_src_ports': False, 'dst_ports': None, 'negate_dst_ports': False, 'methods': ['GET'], 'negate_methods': False, 'paths': None, 'negate_paths': False, 'hosts': None, 'negate_hosts': False}, {'src_ports': [(0, 1000), 1234, 4321], 'negate_src_ports': True, 'dst_ports': [(0, 1000), 1234, 4321], 'negate_dst_ports': True, 'methods': None, 'negate_methods': False, 'paths': None, 'negate_paths': False, 'hosts': None, 'negate_hosts': False}, {'src_ports': [443], 'negate_src_ports': False, 'dst_ports': [443], 'negate_dst_ports': False, 'methods': ['GET'], 'negate_methods': False, 'paths': ['/server/request'], 'negate_paths': False, 'hosts': ['/us/*'], 'negate_hosts': False}, {'src_ports': [443, 444], 'negate_src_ports': False, 'dst_ports': [443, 444], 'negate_dst_ports': False, 'methods': ['GET', 'PUT', 'POST', 'DELETE'], 'negate_methods': False, 'paths': ['/server/request', '/server/update', '/server2/*'], 'negate_paths': False, 'hosts': ['/us/*', '/canada/*'], 'negate_hosts': False}]; deny_list=[{'src_ports': [(1024, 2048), (4000, 6000)], 'negate_src_ports': False, 'dst_ports': [(1024, 4000), (400, 600), 5555], 'negate_dst_ports': False, 'methods': ['GET', 'PUT'], 'negate_methods': False, 'paths': ['/server2/*', '*/update'], 'negate_paths': True, 'hosts': ['/canada/*', '/us/*', '/my/funny/cat'], 'negate_hosts': False}, {'src_ports': [(1024, 2048), (4000, 6000), 6002, 6007], 'negate_src_ports': False, 'dst_ports': [(1024, 4000), (400, 600), 5555, 17, 42], 'negate_dst_ports': True, 'methods': ['GET', 'DELETE'], 'negate_methods': False, 'paths': ['/server2/update', '*/update', '*/request', '/server3/fun'], 'negate_paths': False, 'hosts': ['/canada/*', '/us/*', '/my/funny/cat'], 'negate_hosts': True}, {'src_ports': [(0, 13107), (26214, 39321), (52428, 65536)], 'negate_src_ports': False, 'dst_ports': [(0, 21845), (43690, 65536)], 'negate_dst_ports': False, 'methods': None, 'negate_methods': False, 'paths': ['/server2/*', '*/update', '*/request', '/server3/fun', '/server1/not/fun'], 'negate_paths': False, 'hosts': None, 'negate_hosts': False}, {'src_ports': [11, 111, 1, 22, 2, 222, (1024, 2048), (4000, 6000), 6002, 6007], 'negate_src_ports': False, 'dst_ports': [(1024, 4000), (400, 600), 5555, 17, 42, 11, 1], 'negate_dst_ports': False, 'methods': None, 'negate_methods': False, 'paths': ['/server2/*', '*/update', '/server3/fun'], 'negate_paths': False, 'hosts': ['/canada/*', '/my/funny/cat'], 'negate_hosts': False}, {'src_ports': [(1024, 1048), (2024, 2048), (4000, 5005), 6002, 6007], 'negate_src_ports': False, 'dst_ports': [1, 2, 3, 123, (1024, 4000), (400, 600), 5555, 17, 42], 'negate_dst_ports': False, 'methods': ['GET', 'DELETE', 'PUT'], 'negate_methods': False, 'paths': ['*/fun', '/server/*', '/server1/*'], 'negate_paths': True, 'hosts': ['/canada/*', '/us/newyork/*', '/france/paris/*'], 'negate_hosts': False}, {'src_ports': [(1024, 2048), (4000, 6000), 6002, 6007], 'negate_src_ports': False, 'dst_ports': [(1024, 4000), (400, 600), 5555, 17, 42], 'negate_dst_ports': True, 'methods': ['PUT', 'DELETE', 'CONNECT'], 'negate_methods': False, 'paths': ['*/update', '*/request', '/server3/*'], 'negate_paths': False, 'hosts': ['/my/funny/cat'], 'negate_hosts': False}]>"
0.01867710001533851,0.004520899965427816,False,False,"<allow_list=[{'src_ports': None, 'negate_src_ports': False, 'dst_ports': None, 'negate_dst_ports': False, 'methods': ['GET'], 'negate_methods': False, 'paths': None, 'negate_paths': False, 'hosts': None, 'negate_hosts': False}, {'src_ports': [(0, 1000), 1234, 4321], 'negate_src_ports': True, 'dst_ports': [(0, 1000), 1234, 4321], 'negate_dst_ports': True, 'methods': None, 'negate_methods': False, 'paths': None, 'negate_paths': False, 'hosts': None, 'negate_hosts': False}, {'src_ports': [443], 'negate_src_ports': False, 'dst_ports': [443], 'negate_dst_ports': False, 'methods': ['GET'], 'negate_methods': False, 'paths': ['/server/request'], 'negate_paths': False, 'hosts': ['/us/*'], 'negate_hosts': False}, {'src_ports': [443, 444], 'negate_src_ports': False, 'dst_ports': [443, 444], 'negate_dst_ports': False, 'methods': ['GET', 'PUT', 'POST', 'DELETE'], 'negate_methods': False, 'paths': ['/server/request', '/server/update', '/server2/*'], 'negate_paths': False, 'hosts': ['/us/*', '/canada/*'], 'negate_hosts': False}, {'src_ports': [(1024, 2048), (4000, 6000)], 'negate_src_ports': False, 'dst_ports': [(1024, 4000), (400, 600), 5555], 'negate_dst_ports': False, 'methods': ['GET', 'PUT'], 'negate_methods': False, 'paths': ['/server2/*', '*/update'], 'negate_paths': True, 'hosts': ['/canada/*', '/us/*', '/my/funny/cat'], 'negate_hosts': False}]; deny_list=[{'src_ports': [(1024, 2048), (4000, 6000), 6002, 6007], 'negate_src_ports': False, 'dst_ports': [(1024, 4000), (400, 600), 5555, 17, 42], 'negate_dst_ports': True, 'methods': ['GET', 'DELETE'], 'negate_methods': False, 'paths': ['/server2/update', '*/update', '*/request', '/server3/fun'], 'negate_paths': False, 'hosts': ['/canada/*', '/us/*', '/my/funny/cat'], 'negate_hosts': True}, {'src_ports': [(0, 13107), (26214, 39321), (52428, 65536)], 'negate_src_ports': False, 'dst_ports': [(0, 21845), (43690, 65536)], 'negate_dst_ports': False, 'methods': None, 'negate_methods': False, 'paths': ['/server2/*', '*/update', '*/request', '/server3/fun', '/server1/not/fun'], 'negate_paths': False, 'hosts': None, 'negate_hosts': False}, {'src_ports': [11, 111, 1, 22, 2, 222, (1024, 2048), (4000, 6000), 6002, 6007], 'negate_src_ports': False, 'dst_ports': [(1024, 4000), (400, 600), 5555, 17, 42, 11, 1], 'negate_dst_ports': False, 'methods': None, 'negate_methods': False, 'paths': ['/server2/*', '*/update', '/server3/fun'], 'negate_paths': False, 'hosts': ['/canada/*', '/my/funny/cat'], 'negate_hosts': False}, {'src_ports': [(1024, 1048), (2024, 2048), (4000, 5005), 6002, 6007], 'negate_src_ports': False, 'dst_ports': [1, 2, 3, 123, (1024, 4000), (400, 600), 5555, 17, 42], 'negate_dst_ports': False, 'methods': ['GET', 'DELETE', 'PUT'], 'negate_methods': False, 'paths': ['*/fun', '/server/*', '/server1/*'], 'negate_paths': True, 'hosts': ['/canada/*', '/us/newyork/*', '/france/paris/*'], 'negate_hosts': False}, {'src_ports': [(1024, 2048), (4000, 6000), 6002, 6007], 'negate_src_ports': False, 'dst_ports': [(1024, 4000), (400, 600), 5555, 17, 42], 'negate_dst_ports': True, 'methods': ['PUT', 'DELETE', 'CONNECT'], 'negate_methods': False, 'paths': ['*/update', '*/request', '/server3/*'], 'negate_paths': False, 'hosts': ['/my/funny/cat'], 'negate_hosts': False}]>"
0.016583000018727034,0.004392400034703314,False,False,"<allow_list=[{'src_ports': None, 'negate_src_ports': False, 'dst_ports': None, 'negate_dst_ports': False, 'methods': ['GET'], 'negate_methods': False, 'paths': None, 'negate_paths': False, 'hosts': None, 'negate_hosts': False}, {'src_ports': [(0, 1000), 1234, 4321], 'negate_src_ports': True, 'dst_ports': [(0, 1000), 1234, 4321], 'negate_dst_ports': True, 'methods': None, 'negate_methods': False, 'paths': None, 'negate_paths': False, 'hosts': None, 'negate_hosts': False}, {'src_ports': [443], 'negate_src_ports': False, 'dst_ports': [443], 'negate_dst_ports': False, 'methods': ['GET'], 'negate_methods': False, 'paths': ['/server/request'], 'negate_paths': False, 'hosts': ['/us/*'], 'negate_hosts': False}, {'src_ports': [443, 444], 'negate_src_ports': False, 'dst_ports': [443, 444], 'negate_dst_ports': False, 'methods': ['GET', 'PUT', 'POST', 'DELETE'], 'negate_methods': False, 'paths': ['/server/request', '/server/update', '/server2/*'], 'negate_paths': False, 'hosts': ['/us/*', '/canada/*'], 'negate_hosts': False}, {'src_ports': [(1024, 2048), (4000, 6000)], 'negate_src_ports': False, 'dst_ports': [(1024, 4000), (400, 600), 5555], 'negate_dst_ports': False, 'methods': ['GET', 'PUT'], 'negate_methods': False, 'paths': ['/server2/*', '*/update'], 'negate_paths': True, 'hosts': ['/canada/*', '/us/*', '/my/funny/cat'], 'negate_hosts': False}, {'src_ports': [(1024, 2048), (4000, 6000), 6002, 6007], 'negate_src_ports': False, 'dst_ports': [(1024, 4000), (400, 600), 5555, 17, 42], 'negate_dst_ports': True, 'methods': ['GET', 'DELETE'], 'negate_methods': False, 'paths': ['/server2/update', '*/update', '*/request', '/server3/fun'], 'negate_paths': False, 'hosts': ['/canada/*', '/us/*', '/my/funny/cat'], 'negate_hosts': True}]; deny_list=[{'src_ports': [(0, 13107), (26214, 39321), (52428, 65536)], 'negate_src_ports': False, 'dst_ports': [(0, 21845), (43690, 65536)], 'negate_dst_ports': False, 'methods': None, 'negate_methods': False, 'paths': ['/server2/*', '*/update', '*/request', '/server3/fun', '/server1/not/fun'], 'negate_paths': False, 'hosts': None, 'negate_hosts': False}, {'src_ports': [11, 111, 1, 22, 2, 222, (1024, 2048), (4000, 6000), 6002, 6007], 'negate_src_ports': False, 'dst_ports': [(1024, 4000), (400, 600), 5555, 17, 42, 11, 1], 'negate_dst_ports': False, 'methods': None, 'negate_methods': False, 'paths': ['/server2/*', '*/update', '/server3/fun'], 'negate_paths': False, 'hosts': ['/canada/*', '/my/funny/cat'], 'negate_hosts': False}, {'src_ports': [(1024, 1048), (2024, 2048), (4000, 5005), 6002, 6007], 'negate_src_ports': False, 'dst_ports': [1, 2, 3, 123, (1024, 4000), (400, 600), 5555, 17, 42], 'negate_dst_ports': False, 'methods': ['GET', 'DELETE', 'PUT'], 'negate_methods': False, 'paths': ['*/fun', '/server/*', '/server1/*'], 'negate_paths': True, 'hosts': ['/canada/*', '/us/newyork/*', '/france/paris/*'], 'negate_hosts': False}, {'src_ports': [(1024, 2048), (4000, 6000), 6002, 6007], 'negate_src_ports': False, 'dst_ports': [(1024, 4000), (400, 600), 5555, 17, 42], 'negate_dst_ports': True, 'methods': ['PUT', 'DELETE', 'CONNECT'], 'negate_methods': False, 'paths': ['*/update', '*/request', '/server3/*'], 'negate_paths': False, 'hosts': ['/my/funny/cat'], 'negate_hosts': False}]>"
4.4123407999868505,3.3083382999757305,False,False,"<allow_list=[{'src_ports': None, 'negate_src_ports': False, 'dst_ports': None, 'negate_dst_ports': False, 'methods': ['GET'], 'negate_methods': False, 'paths': None, 'negate_paths': False, 'hosts': None, 'negate_hosts': False}, {'src_ports': [(0, 1000), 1234, 4321], 'negate_src_ports': True, 'dst_ports': [(0, 1000), 1234, 4321], 'negate_dst_ports': True, 'methods': None, 'negate_methods': False, 'paths': None, 'negate_paths': False, 'hosts': None, 'negate_hosts': False}, {'src_ports': [443], 'negate_src_ports': False, 'dst_ports': [443], 'negate_dst_ports': False, 'methods': ['GET'], 'negate_methods': False, 'paths': ['/server/request'], 'negate_paths': False, 'hosts': ['/us/*'], 'negate_hosts': False}, {'src_ports': [443, 444], 'negate_src_ports': False, 'dst_ports': [443, 444], 'negate_dst_ports': False, 'methods': ['GET', 'PUT', 'POST', 'DELETE'], 'negate_methods': False, 'paths': ['/server/request', '/server/update', '/server2/*'], 'negate_paths': False, 'hosts': ['/us/*', '/canada/*'], 'negate_hosts': False}, {'src_ports': [(1024, 2048), (4000, 6000)], 'negate_src_ports': False, 'dst_ports': [(1024, 4000), (400, 600), 5555], 'negate_dst_ports': False, 'methods': ['GET', 'PUT'], 'negate_methods': False, 'paths': ['/server2/*', '*/update'], 'negate_paths': True, 'hosts': ['/canada/*', '/us/*', '/my/funny/cat'], 'negate_hosts': False}, {'src_ports': [(1024, 2048), (4000, 6000), 6002, 6007], 'negate_src_ports': False, 'dst_ports': [(1024, 4000), (400, 600), 5555, 17, 42], 'negate_dst_ports': True, 'methods': ['GET', 'DELETE'], 'negate_methods': False, 'paths': ['/server2/update', '*/update', '*/request', '/server3/fun'], 'negate_paths': False, 'hosts': ['/canada/*', '/us/*', '/my/funny/cat'], 'negate_hosts': True}, {'src_ports': [(0, 13107), (26214, 39321), (52428, 65536)], 'negate_src_ports': False, 'dst_ports': [(0, 21845), (43690, 65536)], 'negate_dst_ports': False, 'methods': None, 'negate_methods': False, 'paths': ['/server2/*', '*/update', '*/request', '/server3/fun', '/server1/not/fun'], 'negate_paths': False, 'hosts': None, 'negate_hosts': False}]; deny_list=[{'src_ports': [11, 111, 1, 22, 2, 222, (1024, 2048), (4000, 6000), 6002, 6007], 'negate_src_ports': False, 'dst_ports': [(1024, 4000), (400, 600), 5555, 17, 42, 11, 1], 'negate_dst_ports': False, 'methods': None, 'negate_methods': False, 'paths': ['/server2/*', '*/update', '/server3/fun'], 'negate_paths': False, 'hosts': ['/canada/*', '/my/funny/cat'], 'negate_hosts': False}, {'src_ports': [(1024, 1048), (2024, 2048), (4000, 5005), 6002, 6007], 'negate_src_ports': False, 'dst_ports': [1, 2, 3, 123, (1024, 4000), (400, 600), 5555, 17, 42], 'negate_dst_ports': False, 'methods': ['GET', 'DELETE', 'PUT'], 'negate_methods': False, 'paths': ['*/fun', '/server/*', '/server1/*'], 'negate_paths': True, 'hosts': ['/canada/*', '/us/newyork/*', '/france/paris/*'], 'negate_hosts': False}, {'src_ports': [(1024, 2048), (4000, 6000), 6002, 6007], 'negate_src_ports': False, 'dst_ports': [(1024, 4000), (400, 600), 5555, 17, 42], 'negate_dst_ports': True, 'methods': ['PUT', 'DELETE', 'CONNECT'], 'negate_methods': False, 'paths': ['*/update', '*/request', '/server3/*'], 'negate_paths': False, 'hosts': ['/my/funny/cat'], 'negate_hosts': False}]>"
0.027030700002796948,0.006313100049737841,False,False,"<allow_list=[{'src_ports': None, 'negate_src_ports': False, 'dst_ports': None, 'negate_dst_ports': False, 'methods': ['GET'], 'negate_methods': False, 'paths': None, 'negate_paths': False, 'hosts': None, 'negate_hosts': False}, {'src_ports': [(0, 1000), 1234, 4321], 'negate_src_ports': True, 'dst_ports': [(0, 1000), 1234, 4321], 'negate_dst_ports': True, 'methods': None, 'negate_methods': False, 'paths': None, 'negate_paths': False, 'hosts': None, 'negate_hosts': False}, {'src_ports': [443], 'negate_src_ports': False, 'dst_ports': [443], 'negate_dst_ports': False, 'methods': ['GET'], 'negate_methods': False, 'paths': ['/server/request'], 'negate_paths': False, 'hosts': ['/us/*'], 'negate_hosts': False}, {'src_ports': [443, 444], 'negate_src_ports': False, 'dst_ports': [443, 444], 'negate_dst_ports': False, 'methods': ['GET', 'PUT', 'POST', 'DELETE'], 'negate_methods': False, 'paths': ['/server/request', '/server/update', '/server2/*'], 'negate_paths': False, 'hosts': ['/us/*', '/canada/*'], 'negate_hosts': False}, {'src_ports': [(1024, 2048), (4000, 6000)], 'negate_src_ports': False, 'dst_ports': [(1024, 4000), (400, 600), 5555], 'negate_dst_ports': False, 'methods': ['GET', 'PUT'], 'negate_methods': False, 'paths': ['/server2/*', '*/update'], 'negate_paths': True, 'hosts': ['/canada/*', '/us/*', '/my/funny/cat'], 'negate_hosts': False}, {'src_ports': [(1024, 2048), (4000, 6000), 6002, 6007], 'negate_src_ports': False, 'dst_ports': [(1024, 4000), (400, 600), 5555, 17, 42], 'negate_dst_ports': True, 'methods': ['GET', 'DELETE'], 'negate_methods': False, 'paths': ['/server2/update', '*/update', '*/request', '/server3/fun'], 'negate_paths': False, 'hosts': ['/canada/*', '/us/*', '/my/funny/cat'], 'negate_hosts': True}, {'src_ports': [(0, 13107), (26214, 39321), (52428, 65536)], 'negate_src_ports': False, 'dst_ports': [(0, 21845), (43690, 65536)], 'negate_dst_ports': False, 'methods': None, 'negate_methods': False, 'paths': ['/server2/*', '*/update', '*/request', '/server3/fun', '/server1/not/fun'], 'negate_paths': False, 'hosts': None, 'negate_hosts': False}, {'src_ports': [11, 111, 1, 22, 2, 222, (1024, 2048), (4000, 6000), 6002, 6007], 'negate_src_ports': False, 'dst_ports': [(1024, 4000), (400, 600), 5555, 17, 42, 11, 1], 'negate_dst_ports': False, 'methods': None, 'negate_methods': False, 'paths': ['/server2/*', '*/update', '/server3/fun'], 'negate_paths': False, 'hosts': ['/canada/*', '/my/funny/cat'], 'negate_hosts': False}]; deny_list=[{'src_ports': [(1024, 1048), (2024, 2048), (4000, 5005), 6002, 6007], 'negate_src_ports': False, 'dst_ports': [1, 2, 3, 123, (1024, 4000), (400, 600), 5555, 17, 42], 'negate_dst_ports': False, 'methods': ['GET', 'DELETE', 'PUT'], 'negate_methods': False, 'paths': ['*/fun', '/server/*', '/server1/*'], 'negate_paths': True, 'hosts': ['/canada/*', '/us/newyork/*', '/france/paris/*'], 'negate_hosts': False}, {'src_ports': [(1024, 2048), (4000, 6000), 6002, 6007], 'negate_src_ports': False, 'dst_ports': [(1024, 4000), (400, 600), 5555, 17, 42], 'negate_dst_ports': True, 'methods': ['PUT', 'DELETE', 'CONNECT'], 'negate_methods': False, 'paths': ['*/update', '*/request', '/server3/*'], 'negate_paths': False, 'hosts': ['/my/funny/cat'], 'negate_hosts': False}]>"
0.31594349996885285,0.3068918999633752,False,False,"<allow_list=[{'src_ports': None, 'negate_src_ports': False, 'dst_ports': None, 'negate_dst_ports': False, 'methods': ['GET'], 'negate_methods': False, 'paths': None, 'negate_paths': False, 'hosts': None, 'negate_hosts': False}, {'src_ports': [(0, 1000), 1234, 4321], 'negate_src_ports': True, 'dst_ports': [(0, 1000), 1234, 4321], 'negate_dst_ports': True, 'methods': None, 'negate_methods': False, 'paths': None, 'negate_paths': False, 'hosts': None, 'negate_hosts': False}, {'src_ports': [443], 'negate_src_ports': False, 'dst_ports': [443], 'negate_dst_ports': False, 'methods': ['GET'], 'negate_methods': False, 'paths': ['/server/request'], 'negate_paths': False, 'hosts': ['/us/*'], 'negate_hosts': False}, {'src_ports': [443, 444], 'negate_src_ports': False, 'dst_ports': [443, 444], 'negate_dst_ports': False, 'methods': ['GET', 'PUT', 'POST', 'DELETE'], 'negate_methods': False, 'paths': ['/server/request', '/server/update', '/server2/*'], 'negate_paths': False, 'hosts': ['/us/*', '/canada/*'], 'negate_hosts': False}, {'src_ports': [(1024, 2048), (4000, 6000)], 'negate_src_ports': False, 'dst_ports': [(1024, 4000), (400, 600), 5555], 'negate_dst_ports': False, 'methods': ['GET', 'PUT'], 'negate_methods': False, 'paths': ['/server2/*', '*/update'], 'negate_paths': True, 'hosts': ['/canada/*', '/us/*', '/my/funny/cat'], 'negate_hosts': False}, {'src_ports': [(1024, 2048), (4000, 6000), 6002, 6007], 'negate_src_ports': False, 'dst_ports': [(1024, 4000), (400, 600), 5555, 17, 42], 'negate_dst_ports': True, 'methods': ['GET', 'DELETE'], 'negate_methods': False, 'paths': ['/server2/update', '*/update', '*/request', '/server3/fun'], 'negate_paths': False, 'hosts': ['/canada/*', '/us/*', '/my/funny/cat'], 'negate_hosts': True}, {'src_ports': [(0, 13107), (26214, 39321), (52428, 65536)], 'negate_src_ports': False, 'dst_ports': [(0, 21845), (43690, 65536)], 'negate_dst_ports': False, 'methods': None, 'negate_methods': False, 'paths': ['/server2/*', '*/update', '*/request', '/server3/fun', '/server1/not/fun'], 'negate_paths': False, 'hosts': None, 'negate_hosts': False}, {'src_ports': [11, 111, 1, 22, 2, 222, (1024, 2048), (4000, 6000), 6002, 6007], 'negate_src_ports': False, 'dst_ports': [(1024, 4000), (400, 600), 5555, 17, 42, 11, 1], 'negate_dst_ports': False, 'methods': None, 'negate_methods': False, 'paths': ['/server2/*', '*/update', '/server3/fun'], 'negate_paths': False, 'hosts': ['/canada/*', '/my/funny/cat'], 'negate_hosts': False}, {'src_ports': [(1024, 1048), (2024, 2048), (4000, 5005), 6002, 6007], 'negate_src_ports': False, 'dst_ports': [1, 2, 3, 123, (1024, 4000), (400, 600), 5555, 17, 42], 'negate_dst_ports': False, 'methods': ['GET', 'DELETE', 'PUT'], 'negate_methods': False, 'paths': ['*/fun', '/server/*', '/server1/*'], 'negate_paths': True, 'hosts': ['/canada/*', '/us/newyork/*', '/france/paris/*'], 'negate_hosts': False}]; deny_list=[{'src_ports': [(1024, 2048), (4000, 6000), 6002, 6007], 'negate_src_ports': False, 'dst_ports': [(1024, 4000), (400, 600), 5555, 17, 42], 'negate_dst_ports': True, 'methods': ['PUT', 'DELETE', 'CONNECT'], 'negate_methods': False, 'paths': ['*/update', '*/request', '/server3/*'], 'negate_paths': False, 'hosts': ['/my/funny/cat'], 'negate_hosts': False}]>"
0.053580000007059425,0.00794280000263825,False,False,"<allow_list=[{'src_ports': [(0, 1000), 1234, 4321], 'negate_src_ports': True, 'dst_ports': [(0, 1000), 1234, 4321], 'negate_dst_ports': True, 'methods': None, 'negate_methods': False, 'paths': None, 'negate_paths': False, 'hosts': None, 'negate_hosts': False}, {'src_ports': [443], 'negate_src_ports': False, 'dst_ports': [443], 'negate_dst_ports': False, 'methods': ['GET'], 'negate_methods': False, 'paths': ['/server/request'], 'negate_paths': False, 'hosts': ['/us/*'], 'negate_hosts': False}, {'src_ports': [443, 444], 'negate_src_ports': False, 'dst_ports': [443, 444], 'negate_dst_ports': False, 'methods': ['GET', 'PUT', 'POST', 'DELETE'], 'negate_methods': False, 'paths': ['/server/request', '/server/update', '/server2/*'], 'negate_paths': False, 'hosts': ['/us/*', '/canada/*'], 'negate_hosts': False}, {'src_ports': [(1024, 2048), (4000, 6000)], 'negate_src_ports': False, 'dst_ports': [(1024, 4000), (400, 600), 5555], 'negate_dst_ports': False, 'methods': ['GET', 'PUT'], 'negate_methods': False, 'paths': ['/server2/*', '*/update'], 'negate_paths': True, 'hosts': ['/canada/*', '/us/*', '/my/funny/cat'], 'negate_hosts': False}, {'src_ports': [(1024, 2048), (4000, 6000), 6002, 6007], 'negate_src_ports': False, 'dst_ports': [(1024, 4000), (400, 600), 5555, 17, 42], 'negate_dst_ports': True, 'methods': ['GET', 'DELETE'], 'negate_methods': False, 'paths': ['/server2/update', '*/update', '*/request', '/server3/fun'], 'negate_paths': False, 'hosts': ['/canada/*', '/us/*', '/my/funny/cat'], 'negate_hosts': True}, {'src_ports': [(0, 13107), (26214, 39321), (52428, 65536)], 'negate_src_ports': False, 'dst_ports': [(0, 21845), (43690, 65536)], 'negate_dst_ports': False, 'methods': None, 'negate_methods': False, 'paths': ['/server2/*', '*/update', '*/request', '/server3/fun', '/server1/not/fun'], 'negate_paths': False, 'hosts': None, 'negate_hosts': False}, {'src_ports': [11, 111, 1, 22, 2, 222, (1024, 2048), (4000, 6000), 6002, 6007], 'negate_src_ports': False, 'dst_ports': [(1024, 4000), (400, 600), 5555, 17, 42, 11, 1], 'negate_dst_ports': False, 'methods': None, 'negate_methods': False, 'paths': ['/server2/*', '*/update', '/server3/fun'], 'negate_paths': False, 'hosts': ['/canada/*', '/my/funny/cat'], 'negate_hosts': False}, {'src_ports': [(1024, 1048), (2024, 2048), (4000, 5005), 6002, 6007], 'negate_src_ports': False, 'dst_ports': [1, 2, 3, 123, (1024, 4000), (400, 600), 5555, 17, 42], 'negate_dst_ports': False, 'methods': ['GET', 'DELETE', 'PUT'], 'negate_methods': False, 'paths': ['*/fun', '/server/*', '/server1/*'], 'negate_paths': True, 'hosts': ['/canada/*', '/us/newyork/*', '/france/paris/*'], 'negate_hosts': False}, {'src_ports': [(1024, 2048), (4000, 6000), 6002, 6007], 'negate_src_ports': False, 'dst_ports': [(1024, 4000), (400, 600), 5555, 17, 42], 'negate_dst_ports': True, 'methods': ['PUT', 'DELETE', 'CONNECT'], 'negate_methods': False, 'paths': ['*/update', '*/request', '/server3/*'], 'negate_paths': False, 'hosts': ['/my/funny/cat'], 'negate_hosts': False}]; deny_list=[{'src_ports': None, 'negate_src_ports': False, 'dst_ports': None, 'negate_dst_ports': False, 'methods': ['GET'], 'negate_methods': False, 'paths': None, 'negate_paths': False, 'hosts': None, 'negate_hosts': False}]>"
0.030668199993669987,0.005435700004454702,False,False,"<allow_list=[{'src_ports': [443], 'negate_src_ports': False, 'dst_ports': [443], 'negate_dst_ports': False, 'methods': ['GET'], 'negate_methods': False, 'paths': ['/server/request'], 'negate_paths': False, 'hosts': ['/us/*'], 'negate_hosts': False}, {'src_ports': [443, 444], 'negate_src_ports': False, 'dst_ports': [443, 444], 'negate_dst_ports': False, 'methods': ['GET', 'PUT', 'POST', 'DELETE'], 'negate_methods': False, 'paths': ['/server/request', '/server/update', '/server2/*'], 'negate_paths': False, 'hosts': ['/us/*', '/canada/*'], 'negate_hosts': False}, {'src_ports': [(1024, 2048), (4000, 6000)], 'negate_src_ports': False, 'dst_ports': [(1024, 4000), (400, 600), 5555], 'negate_dst_ports': False, 'methods': ['GET', 'PUT'], 'negate_methods': False, 'paths': ['/server2/*', '*/update'], 'negate_paths': True, 'hosts': ['/canada/*', '/us/*', '/my/funny/cat'], 'negate_hosts': False}, {'src_ports': [(1024, 2048), (4000, 6000), 6002, 6007], 'negate_src_ports': False, 'dst_ports': [(1024, 4000), (400, 600), 5555, 17, 42], 'negate_dst_ports': True, 'methods': ['GET', 'DELETE'], 'negate_methods': False, 'paths': ['/server2/update', '*/update', '*/request', '/server3/fun'], 'negate_paths': False, 'hosts': ['/canada/*', '/us/*', '/my/funny/cat'], 'negate_hosts': True}, {'src_ports': [(0, 13107), (26214, 39321), (52428, 65536)], 'negate_src_ports': False, 'dst_ports': [(0, 21845), (43690, 65536)], 'negate_dst_ports': False, 'methods': None, 'negate_methods': False, 'paths': ['/server2/*', '*/update', '*/request', '/server3/fun', '/server1/not/fun'], 'negate_paths': False, 'hosts': None, 'negate_hosts': False}, {'src_ports': [11, 111, 1, 22, 2, 222, (1024, 2048), (4000, 6000), 6002, 6007], 'negate_src_ports': False, 'dst_ports': [(1024, 4000), (400, 600), 5555, 17, 42, 11, 1], 'negate_dst_ports': False, 'methods': None, 'negate_methods': False, 'paths': ['/server2/*', '*/update', '/server3/fun'], 'negate_paths': False, 'hosts': ['/canada/*', '/my/funny/cat'], 'negate_hosts': False}, {'src_ports': [(1024, 1048), (2024, 2048), (4000, 5005), 6002, 6007], 'negate_src_ports': False, 'dst_ports': [1, 2, 3, 123, (1024, 4000), (400, 600), 5555, 17, 42], 'negate_dst_ports': False, 'methods': ['GET', 'DELETE', 'PUT'], 'negate_methods': False, 'paths': ['*/fun', '/server/*', '/server1/*'], 'negate_paths': True, 'hosts': ['/canada/*', '/us/newyork/*', '/france/paris/*'], 'negate_hosts': False}, {'src_ports': [(1024, 2048), (4000, 6000), 6002, 6007], 'negate_src_ports': False, 'dst_ports': [(1024, 4000), (400, 600), 5555, 17, 42], 'negate_dst_ports': True, 'methods': ['PUT', 'DELETE', 'CONNECT'], 'negate_methods': False, 'paths': ['*/update', '*/request', '/server3/*'], 'negate_paths': False, 'hosts': ['/my/funny/cat'], 'negate_hosts': False}]; deny_list=[{'src_ports': None, 'negate_src_ports': False, 'dst_ports': None, 'negate_dst_ports': False, 'methods': ['GET'], 'negate_methods': False, 'paths': None, 'negate_paths': False, 'hosts': None, 'negate_hosts': False}, {'src_ports': [(0, 1000), 1234, 4321], 'negate_src_ports': True, 'dst_ports': [(0, 1000), 1234, 4321], 'negate_dst_ports': True, 'methods': None, 'negate_methods': False, 'paths': None, 'negate_paths': False, 'hosts': None, 'negate_hosts': False}]>"
0.026731499994639307,0.005305900005623698,False,False,"<allow_list=[{'src_ports': [443, 444], 'negate_src_ports': False, 'dst_ports': [443, 444], 'negate_dst_ports': False, 'methods': ['GET', 'PUT', 'POST', 'DELETE'], 'negate_methods': False, 'paths': ['/server/request', '/server/update', '/server2/*'], 'negate_paths': False, 'hosts': ['/us/*', '/canada/*'], 'negate_hosts': False}, {'src_ports': [(1024, 2048), (4000, 6000)], 'negate_src_ports': False, 'dst_ports': [(1024, 4000), (400, 600), 5555], 'negate_dst_ports': False, 'methods': ['GET', 'PUT'], 'negate_methods': False, 'paths': ['/server2/*', '*/update'], 'negate_paths': True, 'hosts': ['/canada/*', '/us/*', '/my/funny/cat'], 'negate_hosts': False}, {'src_ports': [(1024, 2048), (4000, 6000), 6002, 6007], 'negate_src_ports': False, 'dst_ports': [(1024, 4000), (400, 600), 5555, 17, 42], 'negate_dst_ports': True, 'methods': ['GET', 'DELETE'], 'negate_methods': False, 'paths': ['/server2/update', '*/update', '*/request', '/server3/fun'], 'negate_paths': False, 'hosts': ['/canada/*', '/us/*', '/my/funny/cat'], 'negate_hosts': True}, {'src_ports': [(0, 13107), (26214, 39321), (52428, 65536)], 'negate_src_ports': False, 'dst_ports': [(0, 21845), (43690, 65536)], 'negate_dst_ports': False, 'methods': None, 'negate_methods': False, 'paths': ['/server2/*', '*/update', '*/request', '/server3/fun', '/server1/not/fun'], 'negate_paths': False, 'hosts': None, 'negate_hosts': False}, {'src_ports': [11, 111, 1, 22, 2, 222, (1024, 2048), (4000, 6000), 6002, 6007], 'negate_src_ports': False, 'dst_ports': [(1024, 4000), (400, 600), 5555, 17, 42, 11, 1], 'negate_dst_ports': False, 'methods': None, 'negate_methods': False, 'paths': ['/server2/*', '*/update', '/server3/fun'], 'negate_paths': False, 'hosts': ['/canada/*', '/my/funny/cat'], 'negate_hosts': False}, {'src_ports': [(1024, 1048), (2024, 2048), (4000, 5005), 6002, 6007], 'negate_src_ports': False, 'dst_ports': [1, 2, 3, 123, (1024, 4000), (400, 600), 5555, 17, 42], 'negate_dst_ports': False, 'methods': ['GET', 'DELETE', 'PUT'], 'negate_methods': False, 'paths': ['*/fun', '/server/*', '/server1/*'], 'negate_paths': True, 'hosts': ['/canada/*', '/us/newyork/*', '/france/paris/*'], 'negate_hosts': False}, {'src_ports': [(1024, 2048), (4000, 6000), 6002, 6007], 'negate_src_ports': False, 'dst_ports': [(1024, 4000), (400, 600), 5555, 17, 42], 'negate_dst_ports': True, 'methods': ['PUT', 'DELETE', 'CONNECT'], 'negate_methods': False, 'paths': ['*/update', '*/request', '/server3/*'], 'negate_paths': False, 'hosts': ['/my/funny/cat'], 'negate_hosts': False}]; deny_list=[{'src_ports': None, 'negate_src_ports': False, 'dst_ports': None, 'negate_dst_ports': False, 'methods': ['GET'], 'negate_methods': False, 'paths': None, 'negate_paths': False, 'hosts': None, 'negate_hosts': False}, {'src_ports': [(0, 1000), 1234, 4321], 'negate_src_ports': True, 'dst_ports': [(0, 1000), 1234, 4321], 'negate_dst_ports': True, 'methods': None, 'negate_methods': False, 'paths': None, 'negate_paths': False, 'hosts': None, 'negate_hosts': False}, {'src_ports': [443], 'negate_src_ports': False, 'dst_ports': [443], 'negate_dst_ports': False, 'methods': ['GET'], 'negate_methods': False, 'paths': ['/server/request'], 'negate_paths': False, 'hosts': ['/us/*'], 'negate_hosts': False}]>"
0.0530606999527663,0.005196199985221028,False,False,"<allow_list=[{'src_ports': [(1024, 2048), (4000, 6000)], 'negate_src_ports': False, 'dst_ports': [(1024, 4000), (400, 600), 5555], 'negate_dst_ports': False, 'methods': ['GET', 'PUT'], 'negate_methods': False, 'paths': ['/server2/*', '*/update'], 'negate_paths': True, 'hosts': ['/canada/*', '/us/*', '/my/funny/cat'], 'negate_hosts': False}, {'src_ports': [(1024, 2048), (4000, 6000), 6002, 6007], 'negate_src_ports': False, 'dst_ports': [(1024, 4000), (400, 600), 5555, 17, 42], 'negate_dst_ports': True, 'methods': ['GET', 'DELETE'], 'negate_methods': False, 'paths': ['/server2/update', '*/update', '*/request', '/server3/fun'], 'negate_paths': False, 'hosts': ['/canada/*', '/us/*', '/my/funny/cat'], 'negate_hosts': True}, {'src_ports': [(0, 13107), (26214, 39321), (52428, 65536)], 'negate_src_ports': False, 'dst_ports': [(0, 21845), (43690, 65536)], 'negate_dst_ports': False, 'methods': None, 'negate_methods': False, 'paths': ['/server2/*', '*/update', '*/request', '/server3/fun', '/server1/not/fun'], 'negate_paths': False, 'hosts': None, 'negate_hosts': False}, {'src_ports': [11, 111, 1, 22, 2, 222, (1024, 2048), (4000, 6000), 6002, 6007], 'negate_src_ports': False, 'dst_ports': [(1024, 4000), (400, 600), 5555, 17, 42, 11, 1], 'negate_dst_ports': False, 'methods': None, 'negate_methods': False, 'paths': ['/server2/*', '*/update', '/server3/fun'], 'negate_paths': False, 'hosts': ['/canada/*', '/my/funny/cat'], 'negate_hosts': False}, {'src_ports': [(1024, 1048), (2024, 2048), (4000, 5005), 6002, 6007], 'negate_src_ports': False, 'dst_ports': [1, 2, 3, 123, (1024, 4000), (400, 600), 5555, 17, 42], 'negate_dst_ports': False, 'methods': ['GET', 'DELETE', 'PUT'], 'negate_methods': False, 'paths': ['*/fun', '/server/*', '/server1/*'], 'negate_paths': True, 'hosts': ['/canada/*', '/us/newyork/*', '/france/paris/*'], 'negate_hosts': False}, {'src_ports': [(1024, 2048), (4000, 6000), 6002, 6007], 'negate_src_ports': False, 'dst_ports': [(1024, 4000), (400, 600), 5555, 17, 42], 'negate_dst_ports': True, 'methods': ['PUT', 'DELETE', 'CONNECT'], 'negate_methods': False, 'paths': ['*/update', '*/request', '/server3/*'], 'negate_paths': False, 'hosts': ['/my/funny/cat'], 'negate_hosts': False}]; deny_list=[{'src_ports': None, 'negate_src_ports': False, 'dst_ports': None, 'negate_dst_ports': False, 'methods': ['GET'], 'negate_methods': False, 'paths': None, 'negate_paths': False, 'hosts': None, 'negate_hosts': False}, {'src_ports': [(0, 1000), 1234, 4321], 'negate_src_ports': True, 'dst_ports': [(0, 1000), 1234, 4321], 'negate_dst_ports': True, 'methods': None, 'negate_methods': False, 'paths': None, 'negate_paths': False, 'hosts': None, 'negate_hosts': False}, {'src_ports': [443], 'negate_src_ports': False, 'dst_ports': [443], 'negate_dst_ports': False, 'methods': ['GET'], 'negate_methods': False, 'paths': ['/server/request'], 'negate_paths': False, 'hosts': ['/us/*'], 'negate_hosts': False}, {'src_ports': [443, 444], 'negate_src_ports': False, 'dst_ports': [443, 444], 'negate_dst_ports': False, 'methods': ['GET', 'PUT', 'POST', 'DELETE'], 'negate_methods': False, 'paths': ['/server/request', '/server/update', '/server2/*'], 'negate_paths': False, 'hosts': ['/us/*', '/canada/*'], 'negate_hosts': False}]>"
0.31840260000899434,0.006940599996596575,False,False,"<allow_list=[{'src_ports': [(1024, 2048), (4000, 6000), 6002, 6007], 'negate_src_ports': False, 'dst_ports': [(1024, 4000), (400, 600), 5555, 17, 42], 'negate_dst_ports': True, 'methods': ['GET', 'DELETE'], 'negate_methods': False, 'paths': ['/server2/update', '*/update', '*/request', '/server3/fun'], 'negate_paths': False, 'hosts': ['/canada/*', '/us/*', '/my/funny/cat'], 'negate_hosts': True}, {'src_ports': [(0, 13107), (26214, 39321), (52428, 65536)], 'negate_src_ports': False, 'dst_ports': [(0, 21845), (43690, 65536)], 'negate_dst_ports': False, 'methods': None, 'negate_methods': False, 'paths': ['/server2/*', '*/update', '*/request', '/server3/fun', '/server1/not/fun'], 'negate_paths': False, 'hosts': None, 'negate_hosts': False}, {'src_ports': [11, 111, 1, 22, 2, 222, (1024, 2048), (4000, 6000), 6002, 6007], 'negate_src_ports': False, 'dst_ports': [(1024, 4000), (400, 600), 5555, 17, 42, 11, 1], 'negate_dst_ports': False, 'methods': None, 'negate_methods': False, 'paths': ['/server2/*', '*/update', '/server3/fun'], 'negate_paths': False, 'hosts': ['/canada/*', '/my/funny/cat'], 'negate_hosts': False}, {'src_ports': [(1024, 1048), (2024, 2048), (4000, 5005), 6002, 6007], 'negate_src_ports': False, 'dst_ports': [1, 2, 3, 123, (1024, 4000), (400, 600), 5555, 17, 42], 'negate_dst_ports': False, 'methods': ['GET', 'DELETE', 'PUT'], 'negate_methods': False, 'paths': ['*/fun', '/server/*', '/server1/*'], 'negate_paths': True, 'hosts': ['/canada/*', '/us/newyork/*', '/france/paris/*'], 'negate_hosts': False}, {'src_ports': [(1024, 2048), (4000, 6000), 6002, 6007], 'negate_src_ports': False, 'dst_ports': [(1024, 4000), (400, 600), 5555, 17, 42], 'negate_dst_ports': True, 'methods': ['PUT', 'DELETE', 'CONNECT'], 'negate_methods': False, 'paths': ['*/update', '*/request', '/server3/*'], 'negate_paths': False, 'hosts': ['/my/funny/cat'], 'negate_hosts': False}]; deny_list=[{'src_ports': None, 'negate_src_ports': False, 'dst_ports': None, 'negate_dst_ports': False, 'methods': ['GET'], 'negate_methods': False, 'paths': None, 'negate_paths': False, 'hosts': None, 'negate_hosts': False}, {'src_ports': [(0, 1000), 1234, 4321], 'negate_src_ports': True, 'dst_ports': [(0, 1000), 1234, 4321], 'negate_dst_ports': True, 'methods': None, 'negate_methods': False, 'paths': None, 'negate_paths': False, 'hosts': None, 'negate_hosts': False}, {'src_ports': [443], 'negate_src_ports': False, 'dst_ports': [443], 'negate_dst_ports': False, 'methods': ['GET'], 'negate_methods': False, 'paths': ['/server/request'], 'negate_paths': False, 'hosts': ['/us/*'], 'negate_hosts': False}, {'src_ports': [443, 444], 'negate_src_ports': False, 'dst_ports': [443, 444], 'negate_dst_ports': False, 'methods': ['GET', 'PUT', 'POST', 'DELETE'], 'negate_methods': False, 'paths': ['/server/request', '/server/update', '/server2/*'], 'negate_paths': False, 'hosts': ['/us/*', '/canada/*'], 'negate_hosts': False}, {'src_ports': [(1024, 2048), (4000, 6000)], 'negate_src_ports': False, 'dst_ports': [(1024, 4000), (400, 600), 5555], 'negate_dst_ports': False, 'methods': ['GET', 'PUT'], 'negate_methods': False, 'paths': ['/server2/*', '*/update'], 'negate_paths': True, 'hosts': ['/canada/*', '/us/*', '/my/funny/cat'], 'negate_hosts': False}]>"
0.20721709995996207,0.735555800027214,False,False,"<allow_list=[{'src_ports': [(0, 13107), (26214, 39321), (52428, 65536)], 'negate_src_ports': False, 'dst_ports': [(0, 21845), (43690, 65536)], 'negate_dst_ports': False, 'methods': None, 'negate_methods': False, 'paths': ['/server2/*', '*/update', '*/request', '/server3/fun', '/server1/not/fun'], 'negate_paths': False, 'hosts': None, 'negate_hosts': False}, {'src_ports': [11, 111, 1, 22, 2, 222, (1024, 2048), (4000, 6000), 6002, 6007], 'negate_src_ports': False, 'dst_ports': [(1024, 4000), (400, 600), 5555, 17, 42, 11, 1], 'negate_dst_ports': False, 'methods': None, 'negate_methods': False, 'paths': ['/server2/*', '*/update', '/server3/fun'], 'negate_paths': False, 'hosts': ['/canada/*', '/my/funny/cat'], 'negate_hosts': False}, {'src_ports': [(1024, 1048), (2024, 2048), (4000, 5005), 6002, 6007], 'negate_src_ports': False, 'dst_ports': [1, 2, 3, 123, (1024, 4000), (400, 600), 5555, 17, 42], 'negate_dst_ports': False, 'methods': ['GET', 'DELETE', 'PUT'], 'negate_methods': False, 'paths': ['*/fun', '/server/*', '/server1/*'], 'negate_paths': True, 'hosts': ['/canada/*', '/us/newyork/*', '/france/paris/*'], 'negate_hosts': False}, {'src_ports': [(1024, 2048), (4000, 6000), 6002, 6007], 'negate_src_ports': False, 'dst_ports': [(1024, 4000), (400, 600), 5555, 17, 42], 'negate_dst_ports': True, 'methods': ['PUT', 'DELETE', 'CONNECT'], 'negate_methods': False, 'paths': ['*/update', '*/request', '/server3/*'], 'negate_paths': False, 'hosts': ['/my/funny/cat'], 'negate_hosts': False}]; deny_list=[{'src_ports': None, 'negate_src_ports': False, 'dst_ports': None, 'negate_dst_ports': False, 'methods': ['GET'], 'negate_methods': False, 'paths': None, 'negate_paths': False, 'hosts': None, 'negate_hosts': False}, {'src_ports': [(0, 1000), 1234, 4321], 'negate_src_ports': True, 'dst_ports': [(0, 1000), 1234, 4321], 'negate_dst_ports': True, 'methods': None, 'negate_methods': False, 'paths': None, 'negate_paths': False, 'hosts': None, 'negate_hosts': False}, {'src_ports': [443], 'negate_src_ports': False, 'dst_ports': [443], 'negate_dst_ports': False, 'methods': ['GET'], 'negate_methods': False, 'paths': ['/server/request'], 'negate_paths': False, 'hosts': ['/us/*'], 'negate_hosts': False}, {'src_ports': [443, 444], 'negate_src_ports': False, 'dst_ports': [443, 444], 'negate_dst_ports': False, 'methods': ['GET', 'PUT', 'POST', 'DELETE'], 'negate_methods': False, 'paths': ['/server/request', '/server/update', '/server2/*'], 'negate_paths': False, 'hosts': ['/us/*', '/canada/*'], 'negate_hosts': False}, {'src_ports': [(1024, 2048), (4000, 6000)], 'negate_src_ports': False, 'dst_ports': [(1024, 4000), (400, 600), 5555], 'negate_dst_ports': False, 'methods': ['GET', 'PUT'], 'negate_methods': False, 'paths': ['/server2/*', '*/update'], 'negate_paths': True, 'hosts': ['/canada/*', '/us/*', '/my/funny/cat'], 'negate_hosts': False}, {'src_ports': [(1024, 2048), (4000, 6000), 6002, 6007], 'negate_src_ports': False, 'dst_ports': [(1024, 4000), (400, 600), 5555, 17, 42], 'negate_dst_ports': True, 'methods': ['GET', 'DELETE'], 'negate_methods': False, 'paths': ['/server2/update', '*/update', '*/request', '/server3/fun'], 'negate_paths': False, 'hosts': ['/canada/*', '/us/*', '/my/funny/cat'], 'negate_hosts': True}]>"
7.286865800037049,6.415283199981786,False,False,"<allow_list=[{'src_ports': [11, 111, 1, 22, 2, 222, (1024, 2048), (4000, 6000), 6002, 6007], 'negate_src_ports': False, 'dst_ports': [(1024, 4000), (400, 600), 5555, 17, 42, 11, 1], 'negate_dst_ports': False, 'methods': None, 'negate_methods': False, 'paths': ['/server2/*', '*/update', '/server3/fun'], 'negate_paths': False, 'hosts': ['/canada/*', '/my/funny/cat'], 'negate_hosts': False}, {'src_ports': [(1024, 1048), (2024, 2048), (4000, 5005), 6002, 6007], 'negate_src_ports': False, 'dst_ports': [1, 2, 3, 123, (1024, 4000), (400, 600), 5555, 17, 42], 'negate_dst_ports': False, 'methods': ['GET', 'DELETE', 'PUT'], 'negate_methods': False, 'paths': ['*/fun', '/server/*', '/server1/*'], 'negate_paths': True, 'hosts': ['/canada/*', '/us/newyork/*', '/france/paris/*'], 'negate_hosts': False}, {'src_ports': [(1024, 2048), (4000, 6000), 6002, 6007], 'negate_src_ports': False, 'dst_ports': [(1024, 4000), (400, 600), 5555, 17, 42], 'negate_dst_ports': True, 'methods': ['PUT', 'DELETE', 'CONNECT'], 'negate_methods': False, 'paths': ['*/update', '*/request', '/server3/*'], 'negate_paths': False, 'hosts': ['/my/funny/cat'], 'negate_hosts': False}]; deny_list=[{'src_ports': None, 'negate_src_ports': False, 'dst_ports': None, 'negate_dst_ports': False, 'methods': ['GET'], 'negate_methods': False, 'paths': None, 'negate_paths': False, 'hosts': None, 'negate_hosts': False}, {'src_ports': [(0, 1000), 1234, 4321], 'negate_src_ports': True, 'dst_ports': [(0, 1000), 1234, 4321], 'negate_dst_ports': True, 'methods': None, 'negate_methods': False, 'paths': None, 'negate_paths': False, 'hosts': None, 'negate_hosts': False}, {'src_ports': [443], 'negate_src_ports': False, 'dst_ports': [443], 'negate_dst_ports': False, 'methods': ['GET'], 'negate_methods': False, 'paths': ['/server/request'], 'negate_paths': False, 'hosts': ['/us/*'], 'negate_hosts': False}, {'src_ports': [443, 444], 'negate_src_ports': False, 'dst_ports': [443, 444], 'negate_dst_ports': False, 'methods': ['GET', 'PUT', 'POST', 'DELETE'], 'negate_methods': False, 'paths': ['/server/request', '/server/update', '/server2/*'], 'negate_paths': False, 'hosts': ['/us/*', '/canada/*'], 'negate_hosts': False}, {'src_ports': [(1024, 2048), (4000, 6000)], 'negate_src_ports': False, 'dst_ports': [(1024, 4000), (400, 600), 5555], 'negate_dst_ports': False, 'methods': ['GET', 'PUT'], 'negate_methods': False, 'paths': ['/server2/*', '*/update'], 'negate_paths': True, 'hosts': ['/canada/*', '/us/*', '/my/funny/cat'], 'negate_hosts': False}, {'src_ports': [(1024, 2048), (4000, 6000), 6002, 6007], 'negate_src_ports': False, 'dst_ports': [(1024, 4000), (400, 600), 5555, 17, 42], 'negate_dst_ports': True, 'methods': ['GET', 'DELETE'], 'negate_methods': False, 'paths': ['/server2/update', '*/update', '*/request', '/server3/fun'], 'negate_paths': False, 'hosts': ['/canada/*', '/us/*', '/my/funny/cat'], 'negate_hosts': True}, {'src_ports': [(0, 13107), (26214, 39321), (52428, 65536)], 'negate_src_ports': False, 'dst_ports': [(0, 21845), (43690, 65536)], 'negate_dst_ports': False, 'methods': None, 'negate_methods': False, 'paths': ['/server2/*', '*/update', '*/request', '/server3/fun', '/server1/not/fun'], 'negate_paths': False, 'hosts': None, 'negate_hosts': False}]>"
0.4683550000190735,0.9035920000169426,False,False,"<allow_list=[{'src_ports': [(1024, 1048), (2024, 2048), (4000, 5005), 6002, 6007], 'negate_src_ports': False, 'dst_ports': [1, 2, 3, 123, (1024, 4000), (400, 600), 5555, 17, 42], 'negate_dst_ports': False, 'methods': ['GET', 'DELETE', 'PUT'], 'negate_methods': False, 'paths': ['*/fun', '/server/*', '/server1/*'], 'negate_paths': True, 'hosts': ['/canada/*', '/us/newyork/*', '/france/paris/*'], 'negate_hosts': False}, {'src_ports': [(1024, 2048), (4000, 6000), 6002, 6007], 'negate_src_ports': False, 'dst_ports': [(1024, 4000), (400, 600), 5555, 17, 42], 'negate_dst_ports': True, 'methods': ['PUT', 'DELETE', 'CONNECT'], 'negate_methods': False, 'paths': ['*/update', '*/request', '/server3/*'], 'negate_paths': False, 'hosts': ['/my/funny/cat'], 'negate_hosts': False}]; deny_list=[{'src_ports': None, 'negate_src_ports': False, 'dst_ports': None, 'negate_dst_ports': False, 'methods': ['GET'], 'negate_methods': False, 'paths': None, 'negate_paths': False, 'hosts': None, 'negate_hosts': False}, {'src_ports': [(0, 1000), 1234, 4321], 'negate_src_ports': True, 'dst_ports': [(0, 1000), 1234, 4321], 'negate_dst_ports': True, 'methods': None, 'negate_methods': False, 'paths': None, 'negate_paths': False, 'hosts': None, 'negate_hosts': False}, {'src_ports': [443], 'negate_src_ports': False, 'dst_ports': [443], 'negate_dst_ports': False, 'methods': ['GET'], 'negate_methods': False, 'paths': ['/server/request'], 'negate_paths': False, 'hosts': ['/us/*'], 'negate_hosts': False}, {'src_ports': [443, 444], 'negate_src_ports': False, 'dst_ports': [443, 444], 'negate_dst_ports': False, 'methods': ['GET', 'PUT', 'POST', 'DELETE'], 'negate_methods': False, 'paths': ['/server/request', '/server/update', '/server2/*'], 'negate_paths': False, 'hosts': ['/us/*', '/canada/*'], 'negate_hosts': False}, {'src_ports': [(1024, 2048), (4000, 6000)], 'negate_src_ports': False, 'dst_ports': [(1024, 4000), (400, 600), 5555], 'negate_dst_ports': False, 'methods': ['GET', 'PUT'], 'negate_methods': False, 'paths': ['/server2/*', '*/update'], 'negate_paths': True, 'hosts': ['/canada/*', '/us/*', '/my/funny/cat'], 'negate_hosts': False}, {'src_ports': [(1024, 2048), (4000, 6000), 6002, 6007], 'negate_src_ports': False, 'dst_ports': [(1024, 4000), (400, 600), 5555, 17, 42], 'negate_dst_ports': True, 'methods': ['GET', 'DELETE'], 'negate_methods': False, 'paths': ['/server2/update', '*/update', '*/request', '/server3/fun'], 'negate_paths': False, 'hosts': ['/canada/*', '/us/*', '/my/funny/cat'], 'negate_hosts': True}, {'src_ports': [(0, 13107), (26214, 39321), (52428, 65536)], 'negate_src_ports': False, 'dst_ports': [(0, 21845), (43690, 65536)], 'negate_dst_ports': False, 'methods': None, 'negate_methods': False, 'paths': ['/server2/*', '*/update', '*/request', '/server3/fun', '/server1/not/fun'], 'negate_paths': False, 'hosts': None, 'negate_hosts': False}, {'src_ports': [11, 111, 1, 22, 2, 222, (1024, 2048), (4000, 6000), 6002, 6007], 'negate_src_ports': False, 'dst_ports': [(1024, 4000), (400, 600), 5555, 17, 42, 11, 1], 'negate_dst_ports': False, 'methods': None, 'negate_methods': False, 'paths': ['/server2/*', '*/update', '/server3/fun'], 'negate_paths': False, 'hosts': ['/canada/*', '/my/funny/cat'], 'negate_hosts': False}]>"
0.2840561000048183,0.19256230001337826,False,False,"<allow_list=[{'src_ports': [(1024, 2048), (4000, 6000), 6002, 6007], 'negate_src_ports': False, 'dst_ports': [(1024, 4000), (400, 600), 5555, 17, 42], 'negate_dst_ports': True, 'methods': ['PUT', 'DELETE', 'CONNECT'], 'negate_methods': False, 'paths': ['*/update', '*/request', '/server3/*'], 'negate_paths': False, 'hosts': ['/my/funny/cat'], 'negate_hosts': False}]; deny_list=[{'src_ports': None, 'negate_src_ports': False, 'dst_ports': None, 'negate_dst_ports': False, 'methods': ['GET'], 'negate_methods': False, 'paths': None, 'negate_paths': False, 'hosts': None, 'negate_hosts': False}, {'src_ports': [(0, 1000), 1234, 4321], 'negate_src_ports': True, 'dst_ports': [(0, 1000), 1234, 4321], 'negate_dst_ports': True, 'methods': None, 'negate_methods': False, 'paths': None, 'negate_paths': False, 'hosts': None, 'negate_hosts': False}, {'src_ports': [443], 'negate_src_ports': False, 'dst_ports': [443], 'negate_dst_ports': False, 'methods': ['GET'], 'negate_methods': False, 'paths': ['/server/request'], 'negate_paths': False, 'hosts': ['/us/*'], 'negate_hosts': False}, {'src_ports': [443, 444], 'negate_src_ports': False, 'dst_ports': [443, 444], 'negate_dst_ports': False, 'methods': ['GET', 'PUT', 'POST', 'DELETE'], 'negate_methods': False, 'paths': ['/server/request', '/server/update', '/server2/*'], 'negate_paths': False, 'hosts': ['/us/*', '/canada/*'], 'negate_hosts': False}, {'src_ports': [(1024, 2048), (4000, 6000)], 'negate_src_ports': False, 'dst_ports': [(1024, 4000), (400, 600), 5555], 'negate_dst_ports': False, 'methods': ['GET', 'PUT'], 'negate_methods': False, 'paths': ['/server2/*', '*/update'], 'negate_paths': True, 'hosts': ['/canada/*', '/us/*', '/my/funny/cat'], 'negate_hosts': False}, {'src_ports': [(1024, 2048), (4000, 6000), 6002, 6007], 'negate_src_ports': False, 'dst_ports': [(1024, 4000), (400, 600), 5555, 17, 42], 'negate_dst_ports': True, 'methods': ['GET', 'DELETE'], 'negate_methods': False, 'paths': ['/server2/update', '*/update', '*/request', '/server3/fun'], 'negate_paths': False, 'hosts': ['/canada/*', '/us/*', '/my/funny/cat'], 'negate_hosts': True}, {'src_ports': [(0, 13107), (26214, 39321), (52428, 65536)], 'negate_src_ports': False, 'dst_ports': [(0, 21845), (43690, 65536)], 'negate_dst_ports': False, 'methods': None, 'negate_methods': False, 'paths': ['/server2/*', '*/update', '*/request', '/server3/fun', '/server1/not/fun'], 'negate_paths': False, 'hosts': None, 'negate_hosts': False}, {'src_ports': [11, 111, 1, 22, 2, 222, (1024, 2048), (4000, 6000), 6002, 6007], 'negate_src_ports': False, 'dst_ports': [(1024, 4000), (400, 600), 5555, 17, 42, 11, 1], 'negate_dst_ports': False, 'methods': None, 'negate_methods': False, 'paths': ['/server2/*', '*/update', '/server3/fun'], 'negate_paths': False, 'hosts': ['/canada/*', '/my/funny/cat'], 'negate_hosts': False}, {'src_ports': [(1024, 1048), (2024, 2048), (4000, 5005), 6002, 6007], 'negate_src_ports': False, 'dst_ports': [1, 2, 3, 123, (1024, 4000), (400, 600), 5555, 17, 42], 'negate_dst_ports': False, 'methods': ['GET', 'DELETE', 'PUT'], 'negate_methods': False, 'paths': ['*/fun', '/server/*', '/server1/*'], 'negate_paths': True, 'hosts': ['/canada/*', '/us/newyork/*', '/france/paris/*'], 'negate_hosts': False}]>"
0.005563499988056719,0.0021336000063456595,False,False,"<allow_list=[{'src_ports': None, 'negate_src_ports': False, 'dst_ports': None, 'negate_dst_ports': False, 'methods': ['GET'], 'negate_methods': False, 'paths': None, 'negate_paths': False, 'hosts': None, 'negate_hosts': False}, {'src_ports': [443], 'negate_src_ports': False, 'dst_ports': [443], 'negate_dst_ports': False, 'methods': ['GET'], 'negate_methods': False, 'paths': ['/server/request'], 'negate_paths': False, 'hosts': ['/us/*'], 'negate_hosts': False}, {'src_ports': [(1024, 2048), (4000, 6000)], 'negate_src_ports': False, 'dst_ports': [(1024, 4000), (400, 600), 5555], 'negate_dst_ports': False, 'methods': ['GET', 'PUT'], 'negate_methods': False, 'paths': ['/server2/*', '*/update'], 'negate_paths': True, 'hosts': ['/canada/*', '/us/*', '/my/funny/cat'], 'negate_hosts': False}, {'src_ports': [(0, 13107), (26214, 39321), (52428, 65536)], 'negate_src_ports': False, 'dst_ports': [(0, 21845), (43690, 65536)], 'negate_dst_ports': False, 'methods': None, 'negate_methods': False, 'paths': ['/server2/*', '*/update', '*/request', '/server3/fun', '/server1/not/fun'], 'negate_paths': False, 'hosts': None, 'negate_hosts': False}, {'src_ports': [(1024, 1048), (2024, 2048), (4000, 5005), 6002, 6007], 'negate_src_ports': False, 'dst_ports': [1, 2, 3, 123, (1024, 4000), (400, 600), 5555, 17, 42], 'negate_dst_ports': False, 'methods': ['GET', 'DELETE', 'PUT'], 'negate_methods': False, 'paths': ['*/fun', '/server/*', '/server1/*'], 'negate_paths': True, 'hosts': ['/canada/*', '/us/newyork/*', '/france/paris/*'], 'negate_hosts': False}]; deny_list=[]>"
0.44962970004417,0.793701599992346,False,False,"<allow_list=[{'src_ports': [(0, 1000), 1234, 4321], 'negate_src_ports': True, 'dst_ports': [(0, 1000), 1234, 4321], 'negate_dst_ports': True, 'methods': None, 'negate_methods': False, 'paths': None, 'negate_paths': False, 'hosts': None, 'negate_hosts': False}, {'src_ports': [443, 444], 'negate_src_ports': False, 'dst_ports': [443, 444], 'negate_dst_ports': False, 'methods': ['GET', 'PUT', 'POST', 'DELETE'], 'negate_methods': False, 'paths': ['/server/request', '/server/update', '/server2/*'], 'negate_paths': False, 'hosts': ['/us/*', '/canada/*'], 'negate_hosts': False}, {'src_ports': [(1024, 2048), (4000, 6000), 6002, 6007], 'negate_src_ports': False, 'dst_ports': [(1024, 4000), (400, 600), 5555, 17, 42], 'negate_dst_ports': True, 'methods': ['GET', 'DELETE'], 'negate_methods': False, 'paths': ['/server2/update', '*/update', '*/request', '/server3/fun'], 'negate_paths': False, 'hosts': ['/canada/*', '/us/*', '/my/funny/cat'], 'negate_hosts': True}, {'src_ports': [11, 111, 1, 22, 2, 222, (1024, 2048), (4000, 6000), 6002, 6007], 'negate_src_ports': False, 'dst_ports': [(1024, 4000), (400, 600), 5555, 17, 42, 11, 1], 'negate_dst_ports': False, 'methods': None, 'negate_methods': False, 'paths': ['/server2/*', '*/update', '/server3/fun'], 'negate_paths': False, 'hosts': ['/canada/*', '/my/funny/cat'], 'negate_hosts': False}, {'src_ports': [(1024, 2048), (4000, 6000), 6002, 6007], 'negate_src_ports': False, 'dst_ports': [(1024, 4000), (400, 600), 5555, 17, 42], 'negate_dst_ports': True, 'methods': ['PUT', 'DELETE', 'CONNECT'], 'negate_methods': False, 'paths': ['*/update', '*/request', '/server3/*'], 'negate_paths': False, 'hosts': ['/my/funny/cat'], 'negate_hosts': False}]; deny_list=[]>"
0.5538939000107348,1.2506434999522753,False,False,"<allow_list=[{'src_ports': None, 'negate_src_ports': False, 'dst_ports': None, 'negate_dst_ports': False, 'methods': ['GET'], 'negate_methods': False, 'paths': None, 'negate_paths': False, 'hosts': None, 'negate_hosts': False}, {'src_ports': [443], 'negate_src_ports': False, 'dst_ports': [443], 'negate_dst_ports': False, 'methods': ['GET'], 'negate_methods': False, 'paths': ['/server/request'], 'negate_paths': False, 'hosts': ['/us/*'], 'negate_hosts': False}, {'src_ports': [(1024, 2048), (4000, 6000)], 'negate_src_ports': False, 'dst_ports': [(1024, 4000), (400, 600), 5555], 'negate_dst_ports': False, 'methods': ['GET', 'PUT'], 'negate_methods': False, 'paths': ['/server2/*', '*/update'], 'negate_paths': True, 'hosts': ['/canada/*', '/us/*', '/my/funny/cat'], 'negate_hosts': False}, {'src_ports': [(0, 13107), (26214, 39321), (52428, 65536)], 'negate_src_ports': False, 'dst_ports': [(0, 21845), (43690, 65536)], 'negate_dst_ports': False, 'methods': None, 'negate_methods': False, 'paths': ['/server2/*', '*/update', '*/request', '/server3/fun', '/server1/not/fun'], 'negate_paths': False, 'hosts': None, 'negate_hosts': False}, {'src_ports': [(1024, 1048), (2024, 2048), (4000, 5005), 6002, 6007], 'negate_src_ports': False, 'dst_ports': [1, 2, 3, 123, (1024, 4000), (400, 600), 5555, 17, 42], 'negate_dst_ports': False, 'methods': ['GET', 'DELETE', 'PUT'], 'negate_methods': False, 'paths': ['*/fun', '/server/*', '/server1/*'], 'negate_paths': True, 'hosts': ['/canada/*', '/us/newyork/*', '/france/paris/*'], 'negate_hosts': False}]; deny_list=[{'src_ports': [(0, 1000), 1234, 4321], 'negate_src_ports': True, 'dst_ports': [(0, 1000), 1234, 4321], 'negate_dst_ports': True, 'methods': None, 'negate_methods': False, 'paths': None, 'negate_paths': False, 'hosts': None, 'negate_hosts': False}, {'src_ports': [443, 444], 'negate_src_ports': False, 'dst_ports': [443, 444], 'negate_dst_ports': False, 'methods': ['GET', 'PUT', 'POST', 'DELETE'], 'negate_methods': False, 'paths': ['/server/request', '/server/update', '/server2/*'], 'negate_paths': False, 'hosts': ['/us/*', '/canada/*'], 'negate_hosts': False}, {'src_ports': [(1024, 2048), (4000, 6000), 6002, 6007], 'negate_src_ports': False, 'dst_ports': [(1024, 4000), (400, 600), 5555, 17, 42], 'negate_dst_ports': True, 'methods': ['GET', 'DELETE'], 'negate_methods': False, 'paths': ['/server2/update', '*/update', '*/request', '/server3/fun'], 'negate_paths': False, 'hosts': ['/canada/*', '/us/*', '/my/funny/cat'], 'negate_hosts': True}, {'src_ports': [11, 111, 1, 22, 2, 222, (1024, 2048), (4000, 6000), 6002, 6007], 'negate_src_ports': False, 'dst_ports': [(1024, 4000), (400, 600), 5555, 17, 42, 11, 1], 'negate_dst_ports': False, 'methods': None, 'negate_methods': False, 'paths': ['/server2/*', '*/update', '/server3/fun'], 'negate_paths': False, 'hosts': ['/canada/*', '/my/funny/cat'], 'negate_hosts': False}, {'src_ports': [(1024, 2048), (4000, 6000), 6002, 6007], 'negate_src_ports': False, 'dst_ports': [(1024, 4000), (400, 600), 5555, 17, 42], 'negate_dst_ports': True, 'methods': ['PUT', 'DELETE', 'CONNECT'], 'negate_methods': False, 'paths': ['*/update', '*/request', '/server3/*'], 'negate_paths': False, 'hosts': ['/my/funny/cat'], 'negate_hosts': False}]>"
0.3140601000050083,0.18707540002651513,False,False,"<allow_list=[{'src_ports': [(0, 1000), 1234, 4321], 'negate_src_ports': True, 'dst_ports': [(0, 1000), 1234, 4321], 'negate_dst_ports': True, 'methods': None, 'negate_methods': False, 'paths': None, 'negate_paths': False, 'hosts': None, 'negate_hosts': False}, {'src_ports': [443, 444], 'negate_src_ports': False, 'dst_ports': [443, 444], 'negate_dst_ports': False, 'methods': ['GET', 'PUT', 'POST', 'DELETE'], 'negate_methods': False, 'paths': ['/server/request', '/server/update', '/server2/*'], 'negate_paths': False, 'hosts': ['/us/*', '/canada/*'], 'negate_hosts': False}, {'src_ports': [(1024, 2048), (4000, 6000), 6002, 6007], 'negate_src_ports': False, 'dst_ports': [(1024, 4000), (400, 600), 5555, 17, 42], 'negate_dst_ports': True, 'methods': ['GET', 'DELETE'], 'negate_methods': False, 'paths': ['/server2/update', '*/update', '*/request', '/server3/fun'], 'negate_paths': False, 'hosts': ['/canada/*', '/us/*', '/my/funny/cat'], 'negate_hosts': True}, {'src_ports': [11, 111, 1, 22, 2, 222, (1024, 2048), (4000, 6000), 6002, 6007], 'negate_src_ports': False, 'dst_ports': [(1024, 4000), (400, 600), 5555, 17, 42, 11, 1], 'negate_dst_ports': False, 'methods': None, 'negate_methods': False, 'paths': ['/server2/*', '*/update', '/server3/fun'], 'negate_paths': False, 'hosts': ['/canada/*', '/my/funny/cat'], 'negate_hosts': False}, {'src_ports': [(1024, 2048), (4000, 6000), 6002, 6007], 'negate_src_ports': False, 'dst_ports': [(1024, 4000), (400, 600), 5555, 17, 42], 'negate_dst_ports': True, 'methods': ['PUT', 'DELETE', 'CONNECT'], 'negate_methods': False, 'paths': ['*/update', '*/request', '/server3/*'], 'negate_paths': False, 'hosts': ['/my/funny/cat'], 'negate_hosts': False}]; deny_list=[{'src_ports': None, 'negate_src_ports': False, 'dst_ports': None, 'negate_dst_ports': False, 'methods': ['GET'], 'negate_methods': False, 'paths': None, 'negate_paths': False, 'hosts': None, 'negate_hosts': False}, {'src_ports': [443], 'negate_src_ports': False, 'dst_ports': [443], 'negate_dst_ports': False, 'methods': ['GET'], 'negate_methods': False, 'paths': ['/server/request'], 'negate_paths': False, 'hosts': ['/us/*'], 'negate_hosts': False}, {'src_ports': [(1024, 2048), (4000, 6000)], 'negate_src_ports': False, 'dst_ports': [(1024, 4000), (400, 600), 5555], 'negate_dst_ports': False, 'methods': ['GET', 'PUT'], 'negate_methods': False, 'paths': ['/server2/*', '*/update'], 'negate_paths': True, 'hosts': ['/canada/*', '/us/*', '/my/funny/cat'], 'negate_hosts': False}, {'src_ports': [(0, 13107), (26214, 39321), (52428, 65536)], 'negate_src_ports': False, 'dst_ports': [(0, 21845), (43690, 65536)], 'negate_dst_ports': False, 'methods': None, 'negate_methods': False, 'paths': ['/server2/*', '*/update', '*/request', '/server3/fun', '/server1/not/fun'], 'negate_paths': False, 'hosts': None, 'negate_hosts': False}, {'src_ports': [(1024, 1048), (2024, 2048), (4000, 5005), 6002, 6007], 'negate_src_ports': False, 'dst_ports': [1, 2, 3, 123, (1024, 4000), (400, 600), 5555, 17, 42], 'negate_dst_ports': False, 'methods': ['GET', 'DELETE', 'PUT'], 'negate_methods': False, 'paths': ['*/fun', '/server/*', '/server1/*'], 'negate_paths': True, 'hosts': ['/canada/*', '/us/newyork/*', '/france/paris/*'], 'negate_hosts': False}]>"
